ISO-10303-21;
HEADER;
FILE_DESCRIPTION (( 'STEP AP203' ),
    '1' );
FILE_NAME ('naca0018full.STEP',
    '2026-03-02T12:01:08',
    ( '' ),
    ( '' ),
    'SwSTEP 2.0',
    'SolidWorks 2024',
    '' );
FILE_SCHEMA (( 'CONFIG_CONTROL_DESIGN' ));
ENDSEC;

DATA;
#1 = CARTESIAN_POINT ( 'NONE',  ( 59.36638033854318053, 6.900186356683823519, 500.0000000000000000 ) ) ;
#2 = CARTESIAN_POINT ( 'NONE',  ( 78.09521448406226796, -4.177760938659233148, -500.0000000000000000 ) ) ;
#3 = CARTESIAN_POINT ( 'NONE',  ( 94.53578214776757704, -1.150734906245889588, 500.0000000000000000 ) ) ;
#4 = CARTESIAN_POINT ( 'NONE',  ( 97.53802338349802881, -1.550595893608866405, 500.0000000000000000 ) ) ;
#5 = CARTESIAN_POINT ( 'NONE',  ( 56.26498633661069704, 7.269531170022317745, 500.0000000000000000 ) ) ;
#6 = CARTESIAN_POINT ( 'NONE',  ( -1.001208489508742527, -0.3306089394880489807, -500.0000000000000000 ) ) ;
#7 = CARTESIAN_POINT ( 'NONE',  ( 31.46319146520828980, -10.00943134259477318, 500.0000000000000000 ) ) ;
#8 = CARTESIAN_POINT ( 'NONE',  ( 1.205352729367004105, 2.802269208987338889, -500.0000000000000000 ) ) ;
#9 = CARTESIAN_POINT ( 'NONE',  ( 92.73584008240371190, -1.513177603323121234, -500.0000000000000000 ) ) ;
#10 = CARTESIAN_POINT ( 'NONE',  ( 95.97165282349195081, 1.878695389338578048, -500.0000000000000000 ) ) ;
#11 = CARTESIAN_POINT ( 'NONE',  ( 2.416422564728475830, -5.090889306946485782, 500.0000000000000000 ) ) ;
#12 = CARTESIAN_POINT ( 'NONE',  ( 75.44400919754154700, 4.610362855798521231, 500.0000000000000000 ) ) ;
#13 = CARTESIAN_POINT ( 'NONE',  ( 11.90280086428483841, 8.494269520728357392, -500.0000000000000000 ) ) ;
#14 = CARTESIAN_POINT ( 'NONE',  ( 11.87753592992728713, -8.489120233835560470, 500.0000000000000000 ) ) ;
#15 = CARTESIAN_POINT ( 'NONE',  ( 0.09112321900289119259, -0.8319346391197373070, 500.0000000000000000 ) ) ;
#16 = CARTESIAN_POINT ( 'NONE',  ( 24.95272835224353969, 9.931701199479105568, 500.0000000000000000 ) ) ;
#17 = CARTESIAN_POINT ( 'NONE',  ( 100.1878741348116648, -0.9825449417609850578, 500.0000000000000000 ) ) ;
#18 = AXIS2_PLACEMENT_3D ( 'NONE', #407, #599, #1234 ) ;
#19 = CARTESIAN_POINT ( 'NONE',  ( 68.40050941057171485, 5.686030071048373991, -500.0000000000000000 ) ) ;
#20 = APPROVAL_PERSON_ORGANIZATION ( #817, #523, #379 ) ;
#21 = CARTESIAN_POINT ( 'NONE',  ( 0.09112321900289119259, -0.8319346391197373070, 500.0000000000000000 ) ) ;
#22 = CARTESIAN_POINT ( 'NONE',  ( 71.28229045300128064, -5.258940334623322777, -500.0000000000000000 ) ) ;
#23 = CARTESIAN_POINT ( 'NONE',  ( 1.989610153172516993, 3.538931254299437779, -500.0000000000000000 ) ) ;
#24 = CARTESIAN_POINT ( 'NONE',  ( 44.51832872804976660, 9.436924318206573403, 500.0000000000000000 ) ) ;
#25 = ADVANCED_FACE ( 'NONE', ( #326 ), #730, .F. ) ;
#26 = CARTESIAN_POINT ( 'NONE',  ( -0.9987336524937023841, 0.3630433672196877182, -500.0000000000000000 ) ) ;
#27 = CARTESIAN_POINT ( 'NONE',  ( 5.459011505767950467, 5.538887406617213571, -500.0000000000000000 ) ) ;
#28 = CARTESIAN_POINT ( 'NONE',  ( 2.962633860748284498, -4.242636647532119554, 500.0000000000000000 ) ) ;
#29 = CARTESIAN_POINT ( 'NONE',  ( 92.73584008240371190, -1.513177603323121234, 500.0000000000000000 ) ) ;
#30 = CARTESIAN_POINT ( 'NONE',  ( 3.518751128541191875, 4.581216229304370557, -500.0000000000000000 ) ) ;
#31 = CARTESIAN_POINT ( 'NONE',  ( 2.416422564728475830, -5.090889306946485782, -500.0000000000000000 ) ) ;
#32 = CARTESIAN_POINT ( 'NONE',  ( 36.05525741217854119, 8.886362424186273756, -500.0000000000000000 ) ) ;
#33 = CARTESIAN_POINT ( 'NONE',  ( 27.30779008153085030, 8.978843605748709322, 500.0000000000000000 ) ) ;
#34 = DIRECTION ( 'NONE',  ( 0.000000000000000000, 0.000000000000000000, 1.000000000000000000 ) ) ;
#35 = CARTESIAN_POINT ( 'NONE',  ( 2.962633860748290715, 4.242636647532123995, 500.0000000000000000 ) ) ;
#36 = CARTESIAN_POINT ( 'NONE',  ( -0.6903744734827854668, -1.679370767021070021, -500.0000000000000000 ) ) ;
#37 = CARTESIAN_POINT ( 'NONE',  ( 18.13827739345038381, 8.427911328026523208, -500.0000000000000000 ) ) ;
#38 = CARTESIAN_POINT ( 'NONE',  ( 4.767521285062192860, -5.229789408013592933, 500.0000000000000000 ) ) ;
#39 = CARTESIAN_POINT ( 'NONE',  ( 99.36819579290209958, -0.1372678629281862128, -500.0000000000000000 ) ) ;
#40 = ORGANIZATION ( 'UNSPECIFIED', 'UNSPECIFIED', '' ) ;
#41 = CARTESIAN_POINT ( 'NONE',  ( 83.17479956804656638, -4.342488872902657171, -500.0000000000000000 ) ) ;
#42 = CARTESIAN_POINT ( 'NONE',  ( 0.3897226981455284012, -1.640905353375601949, -500.0000000000000000 ) ) ;
#43 = PRODUCT_DEFINITION ( 'UNKNOWN', '', #646, #417 ) ;
#44 = CARTESIAN_POINT ( 'NONE',  ( 31.46319146520828980, -10.00943134259477318, -500.0000000000000000 ) ) ;
#45 = CARTESIAN_POINT ( 'NONE',  ( 30.14914243313588571, 9.003211283084668892, -500.0000000000000000 ) ) ;
#46 = CARTESIAN_POINT ( 'NONE',  ( 0.6129239413752671783, 2.035248348719215006, 500.0000000000000000 ) ) ;
#47 = CARTESIAN_POINT ( 'NONE',  ( 99.09822650174635328, -0.1955230880656631254, 500.0000000000000000 ) ) ;
#48 = CARTESIAN_POINT ( 'NONE',  ( 25.92000006945830748, -8.944919456412410597, 500.0000000000000000 ) ) ;
#49 = CARTESIAN_POINT ( 'NONE',  ( 99.88489674874826107, 0.02505175267557687574, -500.0000000000000000 ) ) ;
#50 = CARTESIAN_POINT ( 'NONE',  ( 0.09112321900289119259, -0.8319346391197373070, -500.0000000000000000 ) ) ;
#51 = CARTESIAN_POINT ( 'NONE',  ( 23.21702688637228107, -8.832588102005715314, 500.0000000000000000 ) ) ;
#52 = CARTESIAN_POINT ( 'NONE',  ( 79.37992168110687885, -3.962876278162674737, -500.0000000000000000 ) ) ;
#53 = CARTESIAN_POINT ( 'NONE',  ( 91.69633534545131681, -2.742556603186471875, 500.0000000000000000 ) ) ;
#54 = CARTESIAN_POINT ( 'NONE',  ( 0.6129239413752725074, -2.035248348719222555, 500.0000000000000000 ) ) ;
#55 = CARTESIAN_POINT ( 'NONE',  ( 95.87272167216539742, 0.8765270874038140203, 500.0000000000000000 ) ) ;
#56 = CARTESIAN_POINT ( 'NONE',  ( 39.09669229095080567, -8.750575341000260465, -500.0000000000000000 ) ) ;
#57 = CARTESIAN_POINT ( 'NONE',  ( 91.61436153441162844, -1.734713231323176563, 500.0000000000000000 ) ) ;
#58 = CARTESIAN_POINT ( 'NONE',  ( -0.3881335281622025346, 2.314653850193157947, 500.0000000000000000 ) ) ;
#59 = CARTESIAN_POINT ( 'NONE',  ( 2.962633860748284498, -4.242636647532119554, -500.0000000000000000 ) ) ;
#60 = CARTESIAN_POINT ( 'NONE',  ( 83.05499585077542690, 3.328386375900617367, 500.0000000000000000 ) ) ;
#61 = CARTESIAN_POINT ( 'NONE',  ( 14.65475593578875468, -7.967321506751954274, -500.0000000000000000 ) ) ;
#62 = CARTESIAN_POINT ( 'NONE',  ( 16.94411706578071275, -8.289126077134458370, 500.0000000000000000 ) ) ;
#63 = DIRECTION ( 'NONE',  ( -1.000000000000000000, 0.000000000000000000, -0.000000000000000000 ) ) ;
#64 = CARTESIAN_POINT ( 'NONE',  ( 0.3897226981455284012, -1.640905353375601949, 500.0000000000000000 ) ) ;
#65 = CARTESIAN_POINT ( 'NONE',  ( 95.22659961916988891, 1.009781387045052270, 500.0000000000000000 ) ) ;
#66 = CARTESIAN_POINT ( 'NONE',  ( 0.8848210161337020097, 2.422552461610728347, -500.0000000000000000 ) ) ;
#67 = CARTESIAN_POINT ( 'NONE',  ( 50.52390703134270211, -7.881822859537480852, 500.0000000000000000 ) ) ;
#68 = CARTESIAN_POINT ( 'NONE',  ( 7.609653537955836100, 7.407794599979995454, 500.0000000000000000 ) ) ;
#69 = ORIENTED_EDGE ( 'NONE', *, *, #1066, .T. ) ;
#70 = CARTESIAN_POINT ( 'NONE',  ( 37.56982581741687000, -8.824539743451826013, -500.0000000000000000 ) ) ;
#71 = CARTESIAN_POINT ( 'NONE',  ( 76.78283584658828431, 4.393820294226196133, 500.0000000000000000 ) ) ;
#72 = CARTESIAN_POINT ( 'NONE',  ( 20.61967126910491288, -8.660455926991620146, -500.0000000000000000 ) ) ;
#73 = CARTESIAN_POINT ( 'NONE',  ( 37.56982581741687000, -8.824539743451826013, 500.0000000000000000 ) ) ;
#74 = CARTESIAN_POINT ( 'NONE',  ( 100.2137149381804733, 0.9768960667330590653, -500.0000000000000000 ) ) ;
#75 = MECHANICAL_CONTEXT ( 'NONE', #770, 'mechanical' ) ;
#76 = CARTESIAN_POINT ( 'NONE',  ( 50.52390703134270211, -7.881822859537480852, -500.0000000000000000 ) ) ;
#77 = CARTESIAN_POINT ( 'NONE',  ( 40.63431717833469037, 8.664784610993297775, 500.0000000000000000 ) ) ;
#78 = CARTESIAN_POINT ( 'NONE',  ( 91.61436153441162844, -1.734713231323176563, -500.0000000000000000 ) ) ;
#79 = CC_DESIGN_PERSON_AND_ORGANIZATION_ASSIGNMENT ( #187, #92, ( #646 ) ) ;
#80 = CARTESIAN_POINT ( 'NONE',  ( 99.88489989835657923, -0.02506619543575338074, 500.0000000000000000 ) ) ;
#81 = CARTESIAN_POINT ( 'NONE',  ( 11.90280086428483841, 8.494269520728357392, 500.0000000000000000 ) ) ;
#82 = VERTEX_POINT ( 'NONE', #398 ) ;
#83 = PERSON_AND_ORGANIZATION ( #1232, #40 ) ;
#84 = CARTESIAN_POINT ( 'NONE',  ( 2.439490575095987435, 5.105595539140323602, 500.0000000000000000 ) ) ;
#85 = CARTESIAN_POINT ( 'NONE',  ( 34.55441208615608417, -8.935438793399198332, 500.0000000000000000 ) ) ;
#86 = CARTESIAN_POINT ( 'NONE',  ( 69.85119229305969668, 5.473263620374399174, 500.0000000000000000 ) ) ;
#87 = CARTESIAN_POINT ( 'NONE',  ( 75.44400919754158963, -4.610362855798520343, -500.0000000000000000 ) ) ;
#88 = CARTESIAN_POINT ( 'NONE',  ( 2.439490575095987435, 5.105595539140323602, -500.0000000000000000 ) ) ;
#89 = CARTESIAN_POINT ( 'NONE',  ( 100.0000000000000000, 0.000000000000000000, -500.0000000000000000 ) ) ;
#90 = PRODUCT_RELATED_PRODUCT_CATEGORY ( 'detail', '', ( #1065 ) ) ;
#91 = EDGE_LOOP ( 'NONE', ( #832, #584, #1013, #598 ) ) ;
#92 = PERSON_AND_ORGANIZATION_ROLE ( 'creator' ) ;
#93 = CARTESIAN_POINT ( 'NONE',  ( -0.2598030354955291887, -2.591586786535129860, -500.0000000000000000 ) ) ;
#94 = CARTESIAN_POINT ( 'NONE',  ( 7.584787698897296870, -7.400007582626495051, 500.0000000000000000 ) ) ;
#95 = CARTESIAN_POINT ( 'NONE',  ( 63.94532931377015927, -6.309291610586760690, 500.0000000000000000 ) ) ;
#96 = CARTESIAN_POINT ( 'NONE',  ( 57.81954803167191415, 7.087635715863013885, 500.0000000000000000 ) ) ;
#97 = CARTESIAN_POINT ( 'NONE',  ( 100.2137149381804733, 0.9768960667330590653, 500.0000000000000000 ) ) ;
#98 = CARTESIAN_POINT ( 'NONE',  ( 20.59328630955254980, 9.681782490558642706, -500.0000000000000000 ) ) ;
#99 = CARTESIAN_POINT ( 'NONE',  ( 83.17479956804656638, -4.342488872902657171, 500.0000000000000000 ) ) ;
#100 = CARTESIAN_POINT ( 'NONE',  ( 98.41327900858665600, 0.3424805620271812456, 500.0000000000000000 ) ) ;
#101 = CARTESIAN_POINT ( 'NONE',  ( 18.41363346742480545, 9.491055245188602996, 500.0000000000000000 ) ) ;
#102 = CARTESIAN_POINT ( 'NONE',  ( 57.44867630964440508, -8.160989049440882326, -500.0000000000000000 ) ) ;
#103 = CARTESIAN_POINT ( 'NONE',  ( 25.92000006945831814, 8.944919456412407044, -500.0000000000000000 ) ) ;
#104 = CARTESIAN_POINT ( 'NONE',  ( 87.49346223342577389, -2.522693879794823069, -500.0000000000000000 ) ) ;
#105 = VECTOR ( 'NONE', #34, 1000.000000000000000 ) ;
#106 = CARTESIAN_POINT ( 'NONE',  ( 99.15303520383058355, 1.206683181204180721, -500.0000000000000000 ) ) ;
#107 = CARTESIAN_POINT ( 'NONE',  ( 40.15863985435940009, -9.740460623750466951, 500.0000000000000000 ) ) ;
#108 = CARTESIAN_POINT ( 'NONE',  ( 68.40050941057171485, 5.686030071048373991, 500.0000000000000000 ) ) ;
#109 = CARTESIAN_POINT ( 'NONE',  ( 20.59328630955254980, 9.681782490558642706, 500.0000000000000000 ) ) ;
#110 = CARTESIAN_POINT ( 'NONE',  ( 27.10740964257703567, -9.989582776100581540, -500.0000000000000000 ) ) ;
#111 = CARTESIAN_POINT ( 'NONE',  ( 52.61588254115996932, 7.670911068849999737, -500.0000000000000000 ) ) ;
#112 = CARTESIAN_POINT ( 'NONE',  ( 68.40050941057172906, -5.686030071048378431, -500.0000000000000000 ) ) ;
#113 = CARTESIAN_POINT ( 'NONE',  ( 100.1878741348116648, -0.9825449417609850578, -500.0000000000000000 ) ) ;
#114 = CARTESIAN_POINT ( 'NONE',  ( 100.2137149381804733, 0.9768960667330590653, 500.0000000000000000 ) ) ;
#115 = CARTESIAN_POINT ( 'NONE',  ( 98.77983000138385705, 0.2639731117114978431, 500.0000000000000000 ) ) ;
#116 = CARTESIAN_POINT ( 'NONE',  ( -0.8064464983634144213, -1.354174970418767110, 500.0000000000000000 ) ) ;
#117 = CARTESIAN_POINT ( 'NONE',  ( 44.49301355815156711, -9.438856860695237216, -500.0000000000000000 ) ) ;
#118 = CARTESIAN_POINT ( 'NONE',  ( 15.78254807442940333, 8.135677350475564396, 500.0000000000000000 ) ) ;
#119 = CARTESIAN_POINT ( 'NONE',  ( 91.72121631436974099, 2.737693292401147005, 500.0000000000000000 ) ) ;
#120 = CARTESIAN_POINT ( 'NONE',  ( 100.0000000000000000, 0.000000000000000000, -500.0000000000000000 ) ) ;
#121 = CARTESIAN_POINT ( 'NONE',  ( 91.87406695945421120, 1.684225445955479961, -500.0000000000000000 ) ) ;
#122 = CARTESIAN_POINT ( 'NONE',  ( 50.52390703134268790, 7.881822859537479076, 500.0000000000000000 ) ) ;
#123 = CARTESIAN_POINT ( 'NONE',  ( 69.85119229305965405, -5.473263620374393845, 500.0000000000000000 ) ) ;
#124 = CARTESIAN_POINT ( 'NONE',  ( 10.50264980120923752, 7.151909920479472049, -500.0000000000000000 ) ) ;
#125 = CARTESIAN_POINT ( 'NONE',  ( 89.59306783943723929, 3.148943248769656478, -500.0000000000000000 ) ) ;
#126 = CARTESIAN_POINT ( 'NONE',  ( 99.99176691668122885, 0.001801146460126149635, -500.0000000000000000 ) ) ;
#127 = CARTESIAN_POINT ( 'NONE',  ( 28.71797100207374953, 8.998172760352424859, -500.0000000000000000 ) ) ;
#128 = CC_DESIGN_APPROVAL ( #800, ( #646 ) ) ;
#129 = CARTESIAN_POINT ( 'NONE',  ( 42.18117208829819731, 8.567727671100369591, 500.0000000000000000 ) ) ;
#130 = CARTESIAN_POINT ( 'NONE',  ( 99.97530000000001849, -0.005400000000000001153, 500.0000000000000000 ) ) ;
#131 = UNCERTAINTY_MEASURE_WITH_UNIT (LENGTH_MEASURE( 1.000000000000000082E-05 ), #670, 'distance_accuracy_value', 'NONE');
#132 = CARTESIAN_POINT ( 'NONE',  ( 10.50264980120923752, 7.151909920479472049, 500.0000000000000000 ) ) ;
#133 = CARTESIAN_POINT ( 'NONE',  ( 31.48863486609842255, 10.00916103200362350, 500.0000000000000000 ) ) ;
#134 = CARTESIAN_POINT ( 'NONE',  ( 100.2137149381804733, 0.9768960667330590653, -500.0000000000000000 ) ) ;
#135 = CARTESIAN_POINT ( 'NONE',  ( 9.559569886992017373, 6.913934329567124948, -500.0000000000000000 ) ) ;
#136 = CARTESIAN_POINT ( 'NONE',  ( 21.90451174827789060, 8.753966484112543966, 500.0000000000000000 ) ) ;
#137 = CARTESIAN_POINT ( 'NONE',  ( 95.22659961917632643, -1.009781387074437209, 500.0000000000000000 ) ) ;
#138 = B_SPLINE_SURFACE_WITH_KNOTS ( 'NONE', 3, 1, ( 
 ( #610, #97 ),
 ( #1228, #595 ),
 ( #1322, #805 ),
 ( #1239, #711 ),
 ( #1220, #1117 ),
 ( #300, #190 ),
 ( #602, #1017 ),
 ( #1126, #1024 ),
 ( #308, #1134 ),
 ( #920, #851 ),
 ( #330, #1046 ),
 ( #220, #119 ),
 ( #125, #1265 ),
 ( #532, #227 ),
 ( #740, #632 ),
 ( #843, #1259 ),
 ( #1053, #639 ),
 ( #1157, #432 ),
 ( #440, #539 ),
 ( #949, #24 ),
 ( #336, #746 ),
 ( #1059, #645 ),
 ( #1163, #133 ),
 ( #233, #545 ),
 ( #940, #16 ),
 ( #917, #109 ),
 ( #1029, #101 ),
 ( #218, #1251 ),
 ( #1123, #1131 ),
 ( #13, #731 ),
 ( #1333, #328 ),
 ( #818, #1326 ),
 ( #430, #910 ),
 ( #1043, #320 ),
 ( #1225, #840 ),
 ( #224, #305 ),
 ( #637, #84 ),
 ( #203, #629 ),
 ( #1036, #500 ),
 ( #1021, #1235 ),
 ( #507, #313 ),
 ( #195, #1243 ),
 ( #931, #622 ),
 ( #400, #716 ),
 ( #810, #724 ),
 ( #737, #615 ),
 ( #607, #1154 ),
 ( #6, #416 ),
 ( #516, #296 ),
 ( #1146, #116 ),
 ( #522, #423 ),
 ( #93, #529 ),
 ( #938, #708 ),
 ( #925, #211 ),
 ( #408, #1341 ),
 ( #1257, #827 ),
 ( #1138, #833 ),
 ( #1005, #989 ),
 ( #841, #1139 ),
 ( #1244, #94 ),
 ( #409, #738 ),
 ( #530, #1155 ),
 ( #314, #14 ),
 ( #225, #508 ),
 ( #1030, #932 ),
 ( #1334, #725 ),
 ( #819, #1051 ),
 ( #623, #1037 ),
 ( #110, #438 ),
 ( #947, #7 ),
 ( #424, #1147 ),
 ( #1236, #630 ),
 ( #117, #537 ),
 ( #717, #848 ),
 ( #102, #967 ),
 ( #352, #480 ),
 ( #678, #1081 ),
 ( #150, #889 ),
 ( #41, #1185 ),
 ( #662, #1095 ),
 ( #456, #53 ),
 ( #268, #762 ),
 ( #462, #1292 ),
 ( #756, #561 ),
 ( #883, #1305 ),
 ( #371, #1198 ),
 ( #468, #578 ),
 ( #684, #255 ) ),
 .UNSPECIFIED., .F., .F., .F.,
 ( 4, 2, 2, 2, 2, 2, 2, 2, 2, 2, 2, 2, 2, 2, 2, 2, 2, 2, 2, 2, 2, 2, 2, 2, 2, 2, 2, 2, 2, 2, 2, 2, 2, 2, 2, 2, 2, 2, 2, 2, 2, 2, 2, 4 ),
 ( 2, 2 ),
 ( 0.000000000000000000, 0.001953124999999993061, 0.003906249999999986122, 0.007812499999999972244, 0.01562499999999994449, 0.03124999999999988898, 0.06249999999999977796, 0.1249999999999995559, 0.1874999999999993339, 0.2499999999999992228, 0.3124999999999991118, 0.3437499999999990563, 0.3749999999999990563, 0.4062499999999990563, 0.4218749999999990563, 0.4374999999999990563, 0.4531249999999990563, 0.4687499999999990563, 0.4765624999999990008, 0.4843749999999990563, 0.4882812499999990563, 0.4921874999999990008, 0.4960937499999990008, 0.4999999999999990008, 0.5039062499999990008, 0.5078124999999990008, 0.5156249999999988898, 0.5234374999999988898, 0.5312499999999988898, 0.5468749999999988898, 0.5624999999999988898, 0.5781249999999987788, 0.5937499999999987788, 0.6249999999999987788, 0.6562499999999987788, 0.6874999999999987788, 0.7499999999999990008, 0.8124999999999992228, 0.8749999999999994449, 0.9374999999999996669, 0.9687499999999998890, 0.9843749999999998890, 0.9921875000000000000, 1.000000000000000000 ),
 ( 0.000000000000000000, 1.000000000000000000 ),
 .UNSPECIFIED. ) ;
#139 = CARTESIAN_POINT ( 'NONE',  ( 3.518751128541191875, 4.581216229304370557, 500.0000000000000000 ) ) ;
#140 = CARTESIAN_POINT ( 'NONE',  ( 27.10740964257703567, -9.989582776100581540, -500.0000000000000000 ) ) ;
#141 = CARTESIAN_POINT ( 'NONE',  ( 83.05499585077542690, 3.328386375900617367, -500.0000000000000000 ) ) ;
#142 = CARTESIAN_POINT ( 'NONE',  ( 1.989610153172523432, -3.538931254299442664, 500.0000000000000000 ) ) ;
#143 = CARTESIAN_POINT ( 'NONE',  ( 94.53578214776757704, -1.150734906245889588, -500.0000000000000000 ) ) ;
#144 = CC_DESIGN_PERSON_AND_ORGANIZATION_ASSIGNMENT ( #715, #809, ( #1065 ) ) ;
#145 = CARTESIAN_POINT ( 'NONE',  ( 0.09112321900289296894, 0.8319346391197468549, -500.0000000000000000 ) ) ;
#146 = CARTESIAN_POINT ( 'NONE',  ( 4.431629172321267518, -6.211747437796342197, -500.0000000000000000 ) ) ;
#147 = CARTESIAN_POINT ( 'NONE',  ( 33.06882993709523078, 8.971559956122785451, -500.0000000000000000 ) ) ;
#148 = CARTESIAN_POINT ( 'NONE',  ( 8.656307912618126821, 6.663195981500074971, 500.0000000000000000 ) ) ;
#149 = CARTESIAN_POINT ( 'NONE',  ( 97.99894507466866855, -0.4307120763632198979, 500.0000000000000000 ) ) ;
#150 = CARTESIAN_POINT ( 'NONE',  ( 78.90258224619833527, -5.076052208556724565, -500.0000000000000000 ) ) ;
#151 = CARTESIAN_POINT ( 'NONE',  ( 1.573569751239586978, -3.174653887852143974, 500.0000000000000000 ) ) ;
#152 = CARTESIAN_POINT ( 'NONE',  ( 99.88489674874826107, 0.02505175267557687574, 500.0000000000000000 ) ) ;
#153 = CARTESIAN_POINT ( 'NONE',  ( 40.63431717833469037, 8.664784610993297775, -500.0000000000000000 ) ) ;
#154 = CARTESIAN_POINT ( 'NONE',  ( 15.78254807442937313, -8.135677350475560843, 500.0000000000000000 ) ) ;
#155 = CARTESIAN_POINT ( 'NONE',  ( 99.76171153352740362, -0.05188643038925011552, -500.0000000000000000 ) ) ;
#156 = CARTESIAN_POINT ( 'NONE',  ( 1.989610153172523432, -3.538931254299442664, 500.0000000000000000 ) ) ;
#157 = CARTESIAN_POINT ( 'NONE',  ( 98.77983000138385705, 0.2639731117114978431, -500.0000000000000000 ) ) ;
#158 = CARTESIAN_POINT ( 'NONE',  ( 33.06882993709525209, -8.971559956122789004, -500.0000000000000000 ) ) ;
#159 = CARTESIAN_POINT ( 'NONE',  ( 89.49496823229375764, -2.144721330546416116, 500.0000000000000000 ) ) ;
#160 = CARTESIAN_POINT ( 'NONE',  ( 2.937403732794450217, 5.405712823000533795, 500.0000000000000000 ) ) ;
#161 = CARTESIAN_POINT ( 'NONE',  ( 8.656307912618128597, -6.663195981500074971, -500.0000000000000000 ) ) ;
#162 = CARTESIAN_POINT ( 'NONE',  ( 89.49496823229375764, 2.144721330546418336, -500.0000000000000000 ) ) ;
#163 = CARTESIAN_POINT ( 'NONE',  ( 6.972888585422591490, -6.124365591744859394, -500.0000000000000000 ) ) ;
#164 = CARTESIAN_POINT ( 'NONE',  ( 6.194404009452703086, -5.837196288321083060, 500.0000000000000000 ) ) ;
#165 = CARTESIAN_POINT ( 'NONE',  ( 70.36568330730695209, 6.426653496976647340, 500.0000000000000000 ) ) ;
#166 = VERTEX_POINT ( 'NONE', #1129 ) ;
#167 = CARTESIAN_POINT ( 'NONE',  ( 15.78254807442937313, -8.135677350475560843, -500.0000000000000000 ) ) ;
#168 = CARTESIAN_POINT ( 'NONE',  ( 96.47360283090222310, 0.7518599242696153429, 500.0000000000000000 ) ) ;
#169 = CARTESIAN_POINT ( 'NONE',  ( 0.6129239413752671783, 2.035248348719215006, -500.0000000000000000 ) ) ;
#170 = CARTESIAN_POINT ( 'NONE',  ( 14.65475593578875468, -7.967321506751954274, 500.0000000000000000 ) ) ;
#171 = CARTESIAN_POINT ( 'NONE',  ( 18.41363346742480545, 9.491055245188602996, 500.0000000000000000 ) ) ;
#172 = ORIENTED_EDGE ( 'NONE', *, *, #205, .T. ) ;
#173 = APPROVAL_DATE_TIME ( #202, #800 ) ;
#174 = CARTESIAN_POINT ( 'NONE',  ( 34.55441208615608417, -8.935438793399198332, -500.0000000000000000 ) ) ;
#175 = CARTESIAN_POINT ( 'NONE',  ( 81.86100036726789142, 3.537701396701468770, -500.0000000000000000 ) ) ;
#176 = CARTESIAN_POINT ( 'NONE',  ( 50.52390703134270211, -7.881822859537480852, -500.0000000000000000 ) ) ;
#177 = CARTESIAN_POINT ( 'NONE',  ( 27.30779008153082543, -8.978843605748705770, 500.0000000000000000 ) ) ;
#178 = CARTESIAN_POINT ( 'NONE',  ( 0.3651900463071551250, 3.362553658231119957, 500.0000000000000000 ) ) ;
#179 = ORIENTED_EDGE ( 'NONE', *, *, #826, .F. ) ;
#180 = CARTESIAN_POINT ( 'NONE',  ( 54.70425983116079038, -7.445330297039139289, 500.0000000000000000 ) ) ;
#181 = ADVANCED_FACE ( 'NONE', ( #319 ), #217, .F. ) ;
#182 = CARTESIAN_POINT ( 'NONE',  ( 30.14914243313588571, 9.003211283084668892, -500.0000000000000000 ) ) ;
#183 = CARTESIAN_POINT ( 'NONE',  ( 1.573569751239586978, -3.174653887852143974, -500.0000000000000000 ) ) ;
#184 = CARTESIAN_POINT ( 'NONE',  ( 99.68397334180811242, 1.091972391227236328, -500.0000000000000000 ) ) ;
#185 = CARTESIAN_POINT ( 'NONE',  ( 14.06740910214862517, 8.892252088325410142, 500.0000000000000000 ) ) ;
#186 = EDGE_LOOP ( 'NONE', ( #1291, #1101, #882, #378 ) ) ;
#187 = PERSON_AND_ORGANIZATION ( #1232, #40 ) ;
#188 = CARTESIAN_POINT ( 'NONE',  ( 40.63431717833469747, -8.664784610993290670, 500.0000000000000000 ) ) ;
#189 = CARTESIAN_POINT ( 'NONE',  ( 57.81954803167191415, 7.087635715863013885, -500.0000000000000000 ) ) ;
#190 = CARTESIAN_POINT ( 'NONE',  ( 99.15303520383058355, 1.206683181204180721, 500.0000000000000000 ) ) ;
#191 = DIRECTION ( 'NONE',  ( 0.000000000000000000, 0.000000000000000000, 1.000000000000000000 ) ) ;
#192 = CARTESIAN_POINT ( 'NONE',  ( 99.65952867055224829, -1.097484471350323565, 500.0000000000000000 ) ) ;
#193 = CARTESIAN_POINT ( 'NONE',  ( 97.02859165339935998, 0.6356111874437201381, 500.0000000000000000 ) ) ;
#194 = APPROVAL_DATE_TIME ( #585, #672 ) ;
#195 = CARTESIAN_POINT ( 'NONE',  ( -0.2164500726406750342, 2.596725527447707904, -500.0000000000000000 ) ) ;
#196 = CARTESIAN_POINT ( 'NONE',  ( 62.43080829726302738, -6.510563397417207021, -500.0000000000000000 ) ) ;
#197 = CARTESIAN_POINT ( 'NONE',  ( 48.43038835509914009, 8.076569623578734536, -500.0000000000000000 ) ) ;
#198 = CARTESIAN_POINT ( 'NONE',  ( 95.87272167214379692, -0.8765270873047464883, -500.0000000000000000 ) ) ;
#199 = CARTESIAN_POINT ( 'NONE',  ( 53.16335300485650350, 8.646995090546017337, -500.0000000000000000 ) ) ;
#200 = CARTESIAN_POINT ( 'NONE',  ( 95.22659961916988891, 1.009781387045052270, -500.0000000000000000 ) ) ;
#201 = CARTESIAN_POINT ( 'NONE',  ( 99.99176691668122885, 0.001801146460126149635, 500.0000000000000000 ) ) ;
#202 = DATE_AND_TIME ( #1004, #433 ) ;
#203 = CARTESIAN_POINT ( 'NONE',  ( 1.475608962200198659, 4.421311092464345727, -500.0000000000000000 ) ) ;
#204 = CARTESIAN_POINT ( 'NONE',  ( 39.09669229095080567, -8.750575341000260465, -500.0000000000000000 ) ) ;
#205 = EDGE_CURVE ( 'NONE', #82, #1318, #1152, .T. ) ;
#206 = CARTESIAN_POINT ( 'NONE',  ( 54.70425983116079038, 7.445330297039135736, -500.0000000000000000 ) ) ;
#207 = CARTESIAN_POINT ( 'NONE',  ( 57.81954803167191415, -7.087635715863017438, -500.0000000000000000 ) ) ;
#208 = CARTESIAN_POINT ( 'NONE',  ( 97.02859165316066026, -0.6356111863492417413, 500.0000000000000000 ) ) ;
#209 = CARTESIAN_POINT ( 'NONE',  ( 4.431629172321267518, -6.211747437796342197, 500.0000000000000000 ) ) ;
#210 = CARTESIAN_POINT ( 'NONE',  ( 84.58103156856245164, 3.056872080568939776, 500.0000000000000000 ) ) ;
#211 = CARTESIAN_POINT ( 'NONE',  ( 0.9868779121964075252, -4.018088860626034098, 500.0000000000000000 ) ) ;
#212 = CARTESIAN_POINT ( 'NONE',  ( 66.93165460784594245, 5.896604244596051814, 500.0000000000000000 ) ) ;
#213 = CARTESIAN_POINT ( 'NONE',  ( 88.51323916861028351, -2.331223182878306766, -500.0000000000000000 ) ) ;
#214 = LOCAL_TIME ( 16, 1, 8.000000000000000000, #288 ) ;
#215 = CARTESIAN_POINT ( 'NONE',  ( 7.609653537955836100, 7.407794599979995454, -500.0000000000000000 ) ) ;
#216 = CARTESIAN_POINT ( 'NONE',  ( 99.76171298795441089, 0.05189309977109106409, -500.0000000000000000 ) ) ;
#217 = PLANE ( 'NONE',  #966 ) ;
#218 = CARTESIAN_POINT ( 'NONE',  ( 15.15275827290535204, 9.060412837144689036, -500.0000000000000000 ) ) ;
#219 = CARTESIAN_POINT ( 'NONE',  ( 0.01641935891149164800, -0.4179446764462360631, -500.0000000000000000 ) ) ;
#220 = CARTESIAN_POINT ( 'NONE',  ( 91.72121631436974099, 2.737693292401147005, -500.0000000000000000 ) ) ;
#221 = CARTESIAN_POINT ( 'NONE',  ( 99.65952867055224829, -1.097484471350323565, -500.0000000000000000 ) ) ;
#222 = CARTESIAN_POINT ( 'NONE',  ( 97.02859165339935998, 0.6356111874437201381, -500.0000000000000000 ) ) ;
#223 = CARTESIAN_POINT ( 'NONE',  ( 81.86100036726789142, 3.537701396701468770, 500.0000000000000000 ) ) ;
#224 = CARTESIAN_POINT ( 'NONE',  ( 2.937403732794450217, 5.405712823000533795, -500.0000000000000000 ) ) ;
#225 = CARTESIAN_POINT ( 'NONE',  ( 14.04206618816799867, -8.888085025556499374, -500.0000000000000000 ) ) ;
#226 = CARTESIAN_POINT ( 'NONE',  ( 0.3897226981455292893, 1.640905353375603948, 500.0000000000000000 ) ) ;
#227 = CARTESIAN_POINT ( 'NONE',  ( 83.19974279806140771, 4.338099743194852920, 500.0000000000000000 ) ) ;
#228 = CARTESIAN_POINT ( 'NONE',  ( 33.63909698526722991, -9.970350067094937430, -500.0000000000000000 ) ) ;
#229 = CARTESIAN_POINT ( 'NONE',  ( 12.50473706343480096, 7.587622785345913279, -500.0000000000000000 ) ) ;
#230 = CARTESIAN_POINT ( 'NONE',  ( 19.36387245020366166, 8.551622756728280095, 500.0000000000000000 ) ) ;
#231 = CARTESIAN_POINT ( 'NONE',  ( 86.06102034705874360, -2.788088425319390495, 500.0000000000000000 ) ) ;
#232 = CARTESIAN_POINT ( 'NONE',  ( 13.56180978638457368, 7.784508229410396218, 500.0000000000000000 ) ) ;
#233 = CARTESIAN_POINT ( 'NONE',  ( 27.13288536127510397, 9.990080626611211656, -500.0000000000000000 ) ) ;
#234 = CARTESIAN_POINT ( 'NONE',  ( -0.8064464983634144213, -1.354174970418767110, -500.0000000000000000 ) ) ;
#235 = CARTESIAN_POINT ( 'NONE',  ( 39.09669229095079857, 8.750575341000253360, -500.0000000000000000 ) ) ;
#236 = CARTESIAN_POINT ( 'NONE',  ( 25.92000006945831814, 8.944919456412407044, 500.0000000000000000 ) ) ;
#237 = LINE ( 'NONE', #959, #105 ) ;
#238 = CARTESIAN_POINT ( 'NONE',  ( 4.767521285062196412, 5.229789408013593821, 500.0000000000000000 ) ) ;
#239 = CARTESIAN_POINT ( 'NONE',  ( 53.13813749941431297, -8.649677513090598069, -500.0000000000000000 ) ) ;
#240 = CARTESIAN_POINT ( 'NONE',  ( 20.61967126910492354, 8.660455926991621922, -500.0000000000000000 ) ) ;
#241 = CARTESIAN_POINT ( 'NONE',  ( 1.573569751239586978, -3.174653887852143974, 500.0000000000000000 ) ) ;
#242 = CARTESIAN_POINT ( 'NONE',  ( 79.37992168110687885, -3.962876278162674737, 500.0000000000000000 ) ) ;
#243 = CARTESIAN_POINT ( 'NONE',  ( 8.656307912618126821, 6.663195981500074971, -500.0000000000000000 ) ) ;
#244 = CARTESIAN_POINT ( 'NONE',  ( 11.87753592992728713, -8.489120233835560470, -500.0000000000000000 ) ) ;
#245 = CARTESIAN_POINT ( 'NONE',  ( 54.70425983116079038, 7.445330297039135736, -500.0000000000000000 ) ) ;
#246 = CARTESIAN_POINT ( 'NONE',  ( 39.09669229095079857, 8.750575341000253360, 500.0000000000000000 ) ) ;
#247 = CARTESIAN_POINT ( 'NONE',  ( 99.36819579290209958, -0.1372678629281862128, 500.0000000000000000 ) ) ;
#248 = CARTESIAN_POINT ( 'NONE',  ( 99.97530000000001849, -0.005400000000000001153, 500.0000000000000000 ) ) ;
#249 = CARTESIAN_POINT ( 'NONE',  ( 9.559569886992010268, -6.913934329567123172, -500.0000000000000000 ) ) ;
#250 = CARTESIAN_POINT ( 'NONE',  ( 72.69239761540512745, 5.043443029917863640, 500.0000000000000000 ) ) ;
#251 = CARTESIAN_POINT ( 'NONE',  ( 59.36638033854318053, 6.900186356683823519, -500.0000000000000000 ) ) ;
#252 = AXIS2_PLACEMENT_3D ( 'NONE', #369, #1203, #273 ) ;
#253 = CARTESIAN_POINT ( 'NONE',  ( 10.50264980120923752, 7.151909920479472049, 500.0000000000000000 ) ) ;
#254 = CARTESIAN_POINT ( 'NONE',  ( 98.77982997689881017, -0.2639729994334615859, -500.0000000000000000 ) ) ;
#255 = CARTESIAN_POINT ( 'NONE',  ( 100.1878741348117074, -0.9825449417609755098, 500.0000000000000000 ) ) ;
#256 = CARTESIAN_POINT ( 'NONE',  ( 0.8848210161336911295, -2.422552461610714580, 500.0000000000000000 ) ) ;
#257 = CARTESIAN_POINT ( 'NONE',  ( 94.53578214776949551, 1.150734906254530898, -500.0000000000000000 ) ) ;
#258 = CARTESIAN_POINT ( 'NONE',  ( 2.452740648271219293, 3.895097683277724432, -500.0000000000000000 ) ) ;
#259 = CARTESIAN_POINT ( 'NONE',  ( 87.49346223342577389, -2.522693879794823069, 500.0000000000000000 ) ) ;
#260 = CARTESIAN_POINT ( 'NONE',  ( 66.07490329753348135, 7.048607246020971218, 500.0000000000000000 ) ) ;
#261 = ORIENTED_EDGE ( 'NONE', *, *, #826, .T. ) ;
#262 = CARTESIAN_POINT ( 'NONE',  ( 4.120528549498125415, -4.910449053331014113, 500.0000000000000000 ) ) ;
#263 = CARTESIAN_POINT ( 'NONE',  ( 89.49496823229375764, 2.144721330546418336, 500.0000000000000000 ) ) ;
#264 = CARTESIAN_POINT ( 'NONE',  ( 1.989610153172523432, -3.538931254299442664, -500.0000000000000000 ) ) ;
#265 = CARTESIAN_POINT ( 'NONE',  ( 80.63557316865765756, -3.749327170183463398, 500.0000000000000000 ) ) ;
#266 = FACE_OUTER_BOUND ( 'NONE', #591, .T. ) ;
#267 = ORIENTED_EDGE ( 'NONE', *, *, #383, .T. ) ;
#268 = CARTESIAN_POINT ( 'NONE',  ( 94.88441243235845945, -2.101479880069863526, -500.0000000000000000 ) ) ;
#269 = CARTESIAN_POINT ( 'NONE',  ( 18.13827739345038381, -8.427911328026521431, 500.0000000000000000 ) ) ;
#270 = CARTESIAN_POINT ( 'NONE',  ( 74.08006600230346805, 4.826934963134945633, 500.0000000000000000 ) ) ;
#271 = CARTESIAN_POINT ( 'NONE',  ( 8.656307912618128597, -6.663195981500074971, -500.0000000000000000 ) ) ;
#272 = CARTESIAN_POINT ( 'NONE',  ( 31.59990693805332640, -8.994310203447035690, 500.0000000000000000 ) ) ;
#273 = DIRECTION ( 'NONE',  ( -1.000000000000000000, 0.000000000000000000, -0.000000000000000000 ) ) ;
#274 = PERSON_AND_ORGANIZATION_ROLE ( 'creator' ) ;
#275 = CARTESIAN_POINT ( 'NONE',  ( 13.56180978638457724, -7.784508229410397995, 500.0000000000000000 ) ) ;
#276 = CARTESIAN_POINT ( 'NONE',  ( 95.22659961916988891, 1.009781387045052270, -500.0000000000000000 ) ) ;
#277 = CARTESIAN_POINT ( 'NONE',  ( 4.767521285062192860, -5.229789408013592933, -500.0000000000000000 ) ) ;
#278 = CARTESIAN_POINT ( 'NONE',  ( 57.81954803167191415, -7.087635715863017438, 500.0000000000000000 ) ) ;
#279 = CARTESIAN_POINT ( 'NONE',  ( -0.9620522846238168668, -0.6792106599401633860, 500.0000000000000000 ) ) ;
#280 = EDGE_CURVE ( 'NONE', #1204, #677, #309, .T. ) ;
#281 = ORIENTED_EDGE ( 'NONE', *, *, #280, .F. ) ;
#282 = CARTESIAN_POINT ( 'NONE',  ( 75.44400919754158963, -4.610362855798520343, -500.0000000000000000 ) ) ;
#283 = CARTESIAN_POINT ( 'NONE',  ( 36.05525741217854119, 8.886362424186273756, -500.0000000000000000 ) ) ;
#284 = CARTESIAN_POINT ( 'NONE',  ( 24.55596898859975141, -8.896189118766500314, -500.0000000000000000 ) ) ;
#285 = CARTESIAN_POINT ( 'NONE',  ( 24.55596898859975141, -8.896189118766500314, 500.0000000000000000 ) ) ;
#286 = CARTESIAN_POINT ( 'NONE',  ( 33.66452050096606996, 9.969749664166942082, 500.0000000000000000 ) ) ;
#287 = ORIENTED_EDGE ( 'NONE', *, *, #621, .T. ) ;
#288 = COORDINATED_UNIVERSAL_TIME_OFFSET ( 4, 0, .AHEAD. ) ;
#289 = CARTESIAN_POINT ( 'NONE',  ( 74.08006600230343963, -4.826934963134947409, -500.0000000000000000 ) ) ;
#290 = CARTESIAN_POINT ( 'NONE',  ( 59.36638033854318053, 6.900186356683823519, -500.0000000000000000 ) ) ;
#291 = CARTESIAN_POINT ( 'NONE',  ( 63.94532931377015927, -6.309291610586760690, -500.0000000000000000 ) ) ;
#292 = CARTESIAN_POINT ( 'NONE',  ( 1.008213546643900616, 4.037148060609245803, -500.0000000000000000 ) ) ;
#293 = CARTESIAN_POINT ( 'NONE',  ( 70.34064045171629687, -6.430395471490895964, 500.0000000000000000 ) ) ;
#294 = CARTESIAN_POINT ( 'NONE',  ( 99.88489674874826107, 0.02505175267557687574, 500.0000000000000000 ) ) ;
#295 = PERSON_AND_ORGANIZATION ( #1232, #40 ) ;
#296 = CARTESIAN_POINT ( 'NONE',  ( -0.9620522846238168668, -0.6792106599401633860, 500.0000000000000000 ) ) ;
#297 =( GEOMETRIC_REPRESENTATION_CONTEXT ( 3 ) GLOBAL_UNCERTAINTY_ASSIGNED_CONTEXT ( ( #131 ) ) GLOBAL_UNIT_ASSIGNED_CONTEXT ( ( #670, #768, #1088 ) ) REPRESENTATION_CONTEXT ( 'NONE', 'WORKASPACE' ) );
#298 = CARTESIAN_POINT ( 'NONE',  ( 40.63431717833469747, -8.664784610993290670, -500.0000000000000000 ) ) ;
#299 = CARTESIAN_POINT ( 'NONE',  ( 52.61588254115996932, 7.670911068849999737, 500.0000000000000000 ) ) ;
#300 = CARTESIAN_POINT ( 'NONE',  ( 99.15303520383058355, 1.206683181204180721, -500.0000000000000000 ) ) ;
#301 = CARTESIAN_POINT ( 'NONE',  ( 97.56277864685020518, 1.545379587415268485, -500.0000000000000000 ) ) ;
#302 = CARTESIAN_POINT ( 'NONE',  ( 99.95887333752824588, 0.008997254085710823523, -500.0000000000000000 ) ) ;
#303 = CARTESIAN_POINT ( 'NONE',  ( 99.09822642823458239, 0.1955227509720386947, 500.0000000000000000 ) ) ;
#304 = EDGE_CURVE ( 'NONE', #166, #1204, #1196, .T. ) ;
#305 = CARTESIAN_POINT ( 'NONE',  ( 2.937403732794450217, 5.405712823000533795, 500.0000000000000000 ) ) ;
#306 = CARTESIAN_POINT ( 'NONE',  ( 60.90396510598633739, -6.707571456946700650, 500.0000000000000000 ) ) ;
#307 = CARTESIAN_POINT ( 'NONE',  ( 37.56982581741687710, 8.824539743451827789, -500.0000000000000000 ) ) ;
#308 = CARTESIAN_POINT ( 'NONE',  ( 97.56277864685020518, 1.545379587415268485, -500.0000000000000000 ) ) ;
#309 = LINE ( 'NONE', #113, #321 ) ;
#310 = CARTESIAN_POINT ( 'NONE',  ( 0.9868779121964075252, -4.018088860626034098, 500.0000000000000000 ) ) ;
#311 = B_SPLINE_CURVE_WITH_KNOTS ( 'NONE', 3,
 ( #683, #377, #787, #490, #1317, #590, #390, #474, #479, #1002, #700, #799, #1190, #1094, #1012, #165, #260, #888, #689, #695, #1086, #286, #1114, #1304, #1100, #583, #171, #497, #185, #81, #994, #907, #68, #385, #1215, #160, #793, #572, #577, #178, #988, #983, #58, #485, #597, #881, #894, #1209, #279, #1195, #421, #1231, #627, #310, #428, #11, #915, #209, #513, #527, #1248, #619, #1034, #604, #1151, #1331, #405, #414, #1339, #1041, #505, #107, #713, #318, #929, #397, #293, #1026, #99, #1119, #520, #807, #706, #4, #831, #729, #192, #1019 ),
 .UNSPECIFIED., .F., .F.,
 ( 4, 2, 2, 2, 2, 2, 2, 2, 2, 2, 2, 2, 2, 2, 2, 2, 2, 2, 2, 2, 2, 2, 2, 2, 2, 2, 2, 2, 2, 2, 2, 2, 2, 2, 2, 2, 2, 2, 2, 2, 2, 2, 2, 4 ),
 ( 0.000000000000000000, 0.001953124999999993061, 0.003906249999999986122, 0.007812499999999972244, 0.01562499999999994449, 0.03124999999999988898, 0.06249999999999977796, 0.1249999999999995559, 0.1874999999999993339, 0.2499999999999992228, 0.3124999999999991118, 0.3437499999999990563, 0.3749999999999990563, 0.4062499999999990563, 0.4218749999999990563, 0.4374999999999990563, 0.4531249999999990563, 0.4687499999999990563, 0.4765624999999990008, 0.4843749999999990563, 0.4882812499999990563, 0.4921874999999990008, 0.4960937499999990008, 0.4999999999999990008, 0.5039062499999990008, 0.5078124999999990008, 0.5156249999999988898, 0.5234374999999988898, 0.5312499999999988898, 0.5468749999999988898, 0.5624999999999988898, 0.5781249999999987788, 0.5937499999999987788, 0.6249999999999987788, 0.6562499999999987788, 0.6874999999999987788, 0.7499999999999990008, 0.8124999999999992228, 0.8749999999999994449, 0.9374999999999996669, 0.9687499999999998890, 0.9843749999999998890, 0.9921875000000000000, 1.000000000000000000 ),
 .UNSPECIFIED. ) ;
#312 = CARTESIAN_POINT ( 'NONE',  ( 78.09521448406226796, 4.177760938659232259, 500.0000000000000000 ) ) ;
#313 = CARTESIAN_POINT ( 'NONE',  ( 0.1603753038549535215, 3.120896758974927909, 500.0000000000000000 ) ) ;
#314 = CARTESIAN_POINT ( 'NONE',  ( 11.87753592992728713, -8.489120233835560470, -500.0000000000000000 ) ) ;
#315 = CARTESIAN_POINT ( 'NONE',  ( 66.93165460784594245, 5.896604244596051814, -500.0000000000000000 ) ) ;
#316 = CARTESIAN_POINT ( 'NONE',  ( 79.37992168110687885, -3.962876278162674737, -500.0000000000000000 ) ) ;
#317 = CARTESIAN_POINT ( 'NONE',  ( 8.677093084275419699, 7.720651270806244248, -500.0000000000000000 ) ) ;
#318 = CARTESIAN_POINT ( 'NONE',  ( 53.13813749941431297, -8.649677513090598069, 500.0000000000000000 ) ) ;
#319 = FACE_OUTER_BOUND ( 'NONE', #91, .T. ) ;
#320 = CARTESIAN_POINT ( 'NONE',  ( 5.499550768261611822, 6.657545813951975866, 500.0000000000000000 ) ) ;
#321 = VECTOR ( 'NONE', #191, 1000.000000000000000 ) ;
#322 = CARTESIAN_POINT ( 'NONE',  ( 0.2155775169912740874, 1.239735350305372741, -500.0000000000000000 ) ) ;
#323 = CARTESIAN_POINT ( 'NONE',  ( 99.97530000000001849, -0.005400000000000001153, -500.0000000000000000 ) ) ;
#324 = CARTESIAN_POINT ( 'NONE',  ( 99.58939654368674610, -0.08921740320979651417, 500.0000000000000000 ) ) ;
#325 = CARTESIAN_POINT ( 'NONE',  ( 98.41327900858665600, 0.3424805620271812456, -500.0000000000000000 ) ) ;
#326 = FACE_OUTER_BOUND ( 'NONE', #391, .T. ) ;
#327 = CC_DESIGN_DATE_AND_TIME_ASSIGNMENT ( #1102, #1130, ( #43 ) ) ;
#328 = CARTESIAN_POINT ( 'NONE',  ( 10.82345800224925192, 8.264202533107201987, 500.0000000000000000 ) ) ;
#329 = CARTESIAN_POINT ( 'NONE',  ( 12.50473706343480096, 7.587622785345913279, -500.0000000000000000 ) ) ;
#330 = CARTESIAN_POINT ( 'NONE',  ( 94.90924572549694460, 2.096416836946373152, -500.0000000000000000 ) ) ;
#331 = CARTESIAN_POINT ( 'NONE',  ( 5.475086882524312415, -6.647768688334258158, -500.0000000000000000 ) ) ;
#332 = CARTESIAN_POINT ( 'NONE',  ( 24.55596898859973010, 8.896189118766503867, -500.0000000000000000 ) ) ;
#333 = CARTESIAN_POINT ( 'NONE',  ( 34.55441208615609128, 8.935438793399198332, 500.0000000000000000 ) ) ;
#334 = CARTESIAN_POINT ( 'NONE',  ( 37.56982581741687000, -8.824539743451826013, 500.0000000000000000 ) ) ;
#335 = CARTESIAN_POINT ( 'NONE',  ( 1.989610153172516993, 3.538931254299437779, 500.0000000000000000 ) ) ;
#336 = CARTESIAN_POINT ( 'NONE',  ( 40.18400627303136474, 9.738968799440122837, -500.0000000000000000 ) ) ;
#337 = CARTESIAN_POINT ( 'NONE',  ( 14.04206618816799867, -8.888085025556499374, -500.0000000000000000 ) ) ;
#338 = CARTESIAN_POINT ( 'NONE',  ( 3.518751128541191875, 4.581216229304370557, -500.0000000000000000 ) ) ;
#339 = CARTESIAN_POINT ( 'NONE',  ( 30.14914243313588571, 9.003211283084668892, 500.0000000000000000 ) ) ;
#340 = CARTESIAN_POINT ( 'NONE',  ( 97.53724281334613977, -0.5286272178644280118, 500.0000000000000000 ) ) ;
#341 = CARTESIAN_POINT ( 'NONE',  ( 12.50473706343480096, 7.587622785345913279, 500.0000000000000000 ) ) ;
#342 = B_SPLINE_CURVE_WITH_KNOTS ( 'NONE', 3,
 ( #89, #815, #302, #837, #216, #1255, #1241, #1128, #936, #325, #722, #942, #222, #735, #634, #200, #1048, #1136, #121, #534, #1222, #344, #951, #1068, #565, #141, #349, #453, #547, #863, #753, #653, #1272, #957, #641, #962, #19, #1170, #1277, #552, #759, #435, #251, #1261, #845, #245, #970, #1175, #355, #1159, #765, #1055, #153, #235, #648, #32, #658, #147, #1073, #45, #127, #558, #1061, #332, #1180, #459, #240, #1267, #37, #748, #742, #1165, #1282, #229, #868, #667, #135, #858, #1078, #447, #541, #27, #442, #853, #338, #575, #258, #581, #976, #886, #66, #169, #483, #778, #873, #1112, #1296, #1000, #50, #1193, #1098, #773, #388, #674, #183, #264, #681, #465, #1288, #477, #277, #367, #1091, #163, #1201, #271, #1188, #797, #570, #981, #986, #61, #488, #1302, #687, #992, #72, #1084, #382, #284, #471, #898, #1308, #892, #360, #158, #790, #785, #1207, #56, #879, #375, #693, #1105, #698, #176, #588, #1315, #1213, #207, #617, #829, #927, #291, #419, #426, #112, #395, #704, #813, #720, #87, #1246, #2, #316, #1008, #1337, #511, #525, #1032, #104, #213, #625, #934, #78, #9, #503, #518, #727, #198, #1141, #1149, #835, #1039, #822, #913, #412, #1329, #495, #403, #1253, #905, #323 ),
 .UNSPECIFIED., .F., .F.,
 ( 4, 1, 1, 1, 1, 1, 1, 1, 1, 1, 1, 1, 1, 1, 1, 1, 1, 1, 1, 1, 1, 1, 1, 1, 1, 1, 1, 1, 1, 1, 1, 1, 1, 1, 1, 1, 1, 1, 1, 1, 1, 1, 1, 1, 1, 1, 1, 1, 1, 1, 1, 1, 1, 1, 1, 1, 1, 1, 1, 1, 1, 1, 1, 1, 1, 1, 1, 1, 1, 1, 1, 1, 1, 1, 1, 1, 1, 1, 1, 1, 1, 1, 1, 1, 1, 1, 1, 1, 1, 1, 1, 1, 1, 1, 1, 1, 1, 1, 1, 1, 1, 1, 1, 1, 1, 1, 1, 1, 1, 1, 1, 1, 1, 1, 1, 1, 1, 1, 1, 1, 1, 1, 1, 1, 1, 1, 1, 1, 1, 1, 1, 1, 1, 1, 1, 1, 1, 1, 1, 1, 1, 1, 1, 1, 1, 1, 1, 1, 1, 1, 1, 1, 1, 1, 1, 1, 1, 1, 1, 1, 1, 1, 1, 1, 1, 1, 1, 1, 1, 1, 1, 1, 1, 1, 1, 1, 1, 1, 1, 1, 1, 1, 1, 1, 1, 1, 1, 1, 1, 1, 4 ),
 ( 0.000000000000000000, 0.0001217713566992956398, 0.0004865122342467471960, 0.001093752078685834243, 0.001943388652379241877, 0.003034010020996495086, 0.004364369125990424578, 0.005933894621011501225, 0.007739559983940568801, 0.009780694256740777442, 0.01205474367419652991, 0.01455895650497152256, 0.01729088106953345291, 0.02024767245704613833, 0.02342584077625551459, 0.02682302206366115813, 0.03043478697258339416, 0.04252037480547354864, 0.04695187063345630796, 0.05157677959840350351, 0.05639144826391140342, 0.06139033528019618297, 0.06656876196291486303, 0.07744069019634323980, 0.08312408757070108289, 0.08896436380735059379, 0.09495553083771697545, 0.1010920793946257917, 0.1073674755498546657, 0.1137758247068228340, 0.1203095761423087773, 0.1269632440465669199, 0.1337299953347019787, 0.1406022300124777635, 0.1475740795331534905, 0.1546381782620219192, 0.1617870290125992816, 0.1690141703255420291, 0.1763113746705847196, 0.1836726119267793889, 0.1910894835841210615, 0.1985552221624698188, 0.2060624126331550010, 0.2136027609578583786, 0.2211699034682931275, 0.2287555296893361012, 0.2439526683931337592, 0.2515492167705597470, 0.2591347622922941518, 0.2742427624491781679, 0.2817500190894288159, 0.2892173256104284551, 0.2966367026061156875, 0.3040011797894361378, 0.3113043410766957453, 0.3185383586403586209, 0.3256978999735226088, 0.3327752654572866953, 0.3397647481002851744, 0.3466597490606377896, 0.3534537306500886156, 0.3601416773508216429, 0.3667171993312411948, 0.3731744477894444190, 0.3795090925512459301, 0.3857149315372765397, 0.3917873685822820806, 0.3977212679203853130, 0.4035126305773646394, 0.4091569765079556831, 0.4146495900281743641, 0.4199875889497730608, 0.4251672484011357889, 0.4301847032306265750, 0.4350372966395247287, 0.4397218003003323106, 0.4442369537180307915, 0.4485804716987534246, 0.4527505541260334887, 0.4567463334973420608, 0.4605676223292133886, 0.4642148732858693005, 0.4676878455343250751, 0.4709897877592223447, 0.4741228296831854205, 0.4770914263560548374, 0.4799013016985559377, 0.4825594121437186135, 0.4850752052045746998, 0.4874609525316267455, 0.4897308755373179778, 0.4919027042194457078, 0.4939969870360997328, 0.4960372073466098319, 0.4980494666051150099, 0.5000608856783496092, 0.5020723047515841531, 0.5040845640100893865, 0.5061247843205994856, 0.5082190671372535107, 0.5103908958193812406, 0.5126608188250725284, 0.5150465661521245186, 0.5175623592129806605, 0.5202204696581432808, 0.5230303450006443811, 0.5259989416735137979, 0.5291319835974768182, 0.5324339258223741433, 0.5359068980708299179, 0.5395541490274857743, 0.5433754378593570467, 0.5473712172306656187, 0.5515412996579457383, 0.5558848176386683715, 0.5603999710563668524, 0.5650844747171743787, 0.5699370681260725879, 0.5749545229555633741, 0.5801341824069260467, 0.5854721813285247434, 0.5909647948487435354, 0.5966091407793344681, 0.6024005034363137945, 0.6083344027744170823, 0.6144068398194226788, 0.6206126788054532328, 0.6269473235672547995, 0.6334045720254579681, 0.6399800940058776311, 0.6466680407066106584, 0.6534620222960614289, 0.6603570232564140996, 0.6673465058994125787, 0.6744238713831766097, 0.6815834127163405975, 0.6888174302800034177, 0.6961205915672630251, 0.7034850687505834754, 0.7109044457462706523, 0.7183717522672703470, 0.7258790089075209950, 0.7409870090644049556, 0.7485725545861392494, 0.7561691029635652095, 0.7713662416673630062, 0.7789518678884059799, 0.7865190103988406456, 0.7940593587235440509, 0.8015665491942292054, 0.8090322877725779627, 0.8164491594299196908, 0.8238103966861143324, 0.8311076010311569950, 0.8383347423440997703, 0.8454835930946772438, 0.8525476918235456170, 0.8595195413442213717, 0.8663917760219971287, 0.8731585273101322153, 0.8798121952143902469, 0.8863459466498762040, 0.8927542958068444001, 0.8990296919620732741, 0.9051662405189820904, 0.9111574075493484859, 0.9169976837859978858, 0.9226810811603557427, 0.9335530093937841611, 0.9387314360765028898, 0.9437303230927877040, 0.9485449917582956525, 0.9531699007232428134, 0.9576013965512256698, 0.9658643117455415483, 0.9696869843841158243, 0.9732987492930381679, 0.9766959305804436831, 0.9798740988996530454, 0.9828308902871657482, 0.9855628148517276976, 0.9880670276825026521, 0.9903410770999583335, 0.9923822113727586158, 0.9941878767356877589, 0.9957574022307087436, 0.9970877613357027602, 0.9981783827043200219, 0.9990280192780133239, 0.9996352591224524353, 0.9999999999999998890 ),
 .UNSPECIFIED. ) ;
#343 = CARTESIAN_POINT ( 'NONE',  ( 70.34064045171629687, -6.430395471490895964, -500.0000000000000000 ) ) ;
#344 = CARTESIAN_POINT ( 'NONE',  ( 88.51323916861026930, 2.331223182878305433, -500.0000000000000000 ) ) ;
#345 = CARTESIAN_POINT ( 'NONE',  ( 44.25820718950040344, 8.423607305226846975, 500.0000000000000000 ) ) ;
#346 = CARTESIAN_POINT ( 'NONE',  ( 96.47360283097444267, -0.7518599246006546499, -500.0000000000000000 ) ) ;
#347 = CARTESIAN_POINT ( 'NONE',  ( 0.8848210161337020097, 2.422552461610728347, -500.0000000000000000 ) ) ;
#348 = FACE_OUTER_BOUND ( 'NONE', #1299, .T. ) ;
#349 = CARTESIAN_POINT ( 'NONE',  ( 81.86100036726789142, 3.537701396701468770, -500.0000000000000000 ) ) ;
#350 = CARTESIAN_POINT ( 'NONE',  ( 0.3897226981455292893, 1.640905353375603948, 500.0000000000000000 ) ) ;
#351 = CARTESIAN_POINT ( 'NONE',  ( 81.86100036726783458, -3.537701396701470546, 500.0000000000000000 ) ) ;
#352 = CARTESIAN_POINT ( 'NONE',  ( 66.04979480498496969, -7.052114058288335485, -500.0000000000000000 ) ) ;
#353 = CARTESIAN_POINT ( 'NONE',  ( 5.459011505767950467, -5.538887406617213571, 500.0000000000000000 ) ) ;
#354 = CARTESIAN_POINT ( 'NONE',  ( 99.36819600500820115, 0.1372688355564013751, 500.0000000000000000 ) ) ;
#355 = CARTESIAN_POINT ( 'NONE',  ( 48.43038835509914009, 8.076569623578734536, -500.0000000000000000 ) ) ;
#356 = CARTESIAN_POINT ( 'NONE',  ( 5.459011505767950467, 5.538887406617213571, 500.0000000000000000 ) ) ;
#357 = CARTESIAN_POINT ( 'NONE',  ( 97.53724281334613977, -0.5286272178644280118, -500.0000000000000000 ) ) ;
#358 = CARTESIAN_POINT ( 'NONE',  ( 0.2155775169912744482, -1.239735350305374517, 500.0000000000000000 ) ) ;
#359 = CARTESIAN_POINT ( 'NONE',  ( 88.51323916861026930, 2.331223182878305433, -500.0000000000000000 ) ) ;
#360 = CARTESIAN_POINT ( 'NONE',  ( 31.59990693805332640, -8.994310203447035690, -500.0000000000000000 ) ) ;
#361 = CARTESIAN_POINT ( 'NONE',  ( 72.69239761540512745, -5.043443029917860976, 500.0000000000000000 ) ) ;
#362 = CARTESIAN_POINT ( 'NONE',  ( 84.58103156856243743, -3.056872080568937999, -500.0000000000000000 ) ) ;
#363 = CC_DESIGN_APPROVAL ( #523, ( #43 ) ) ;
#364 = ORIENTED_EDGE ( 'NONE', *, *, #563, .T. ) ;
#365 = CARTESIAN_POINT ( 'NONE',  ( 2.452740648271219737, -3.895097683277725764, 500.0000000000000000 ) ) ;
#366 = CARTESIAN_POINT ( 'NONE',  ( 97.02859165339935998, 0.6356111874437201381, -500.0000000000000000 ) ) ;
#367 = CARTESIAN_POINT ( 'NONE',  ( 5.459011505767950467, -5.538887406617213571, -500.0000000000000000 ) ) ;
#368 = CARTESIAN_POINT ( 'NONE',  ( 30.14914243313585729, -9.003211283084661787, 500.0000000000000000 ) ) ;
#369 = CARTESIAN_POINT ( 'NONE',  ( -0.9999710710012232884, 0.01621721386555323441, 500.0000000000000000 ) ) ;
#370 = ORIENTED_EDGE ( 'NONE', *, *, #1249, .F. ) ;
#371 = CARTESIAN_POINT ( 'NONE',  ( 99.12873086609425854, -1.212200224678565474, -500.0000000000000000 ) ) ;
#372 = CARTESIAN_POINT ( 'NONE',  ( 9.559569886992010268, -6.913934329567123172, 500.0000000000000000 ) ) ;
#373 = B_SPLINE_SURFACE_WITH_KNOTS ( 'NONE', 3, 1, ( 
 ( #652, #1047 ),
 ( #126, #1174 ),
 ( #556, #969 ),
 ( #49, #152 ),
 ( #1090, #877 ),
 ( #464, #569 ),
 ( #975, #354 ),
 ( #991, #580 ),
 ( #157, #1307 ),
 ( #1295, #985 ),
 ( #1104, #482 ),
 ( #1187, #374 ),
 ( #366, #777 ),
 ( #891, #168 ),
 ( #872, #55 ),
 ( #276, #65 ),
 ( #257, #587 ),
 ( #1179, #470 ),
 ( #1192, #1301 ),
 ( #1287, #564 ),
 ( #162, #263 ),
 ( #359, #980 ),
 ( #771, #764 ),
 ( #381, #789 ),
 ( #680, #1206 ),
 ( #574, #60 ),
 ( #175, #692 ),
 ( #1083, #476 ),
 ( #1077, #673 ),
 ( #885, #999 ),
 ( #784, #71 ),
 ( #487, #897 ),
 ( #1200, #270 ),
 ( #686, #250 ),
 ( #665, #1097 ),
 ( #828, #86 ),
 ( #1125, #912 ),
 ( #315, #212 ),
 ( #624, #1328 ),
 ( #926, #697 ),
 ( #1314, #804 ),
 ( #1116, #1212 ),
 ( #290, #1 ),
 ( #189, #96 ),
 ( #812, #1336 ),
 ( #206, #1227 ),
 ( #111, #299 ),
 ( #703, #1016 ),
 ( #197, #609 ),
 ( #726, #904 ),
 ( #402, #710 ),
 ( #502, #1023 ),
 ( #418, #77 ),
 ( #1038, #1219 ),
 ( #307, #821 ),
 ( #283, #919 ),
 ( #719, #1111 ),
 ( #510, #601 ),
 ( #524, #494 ),
 ( #182, #411 ),
 ( #1238, #1133 ),
 ( #616, #1031 ),
 ( #103, #517 ),
 ( #1245, #387 ),
 ( #1140, #796 ),
 ( #594, #1007 ),
 ( #1321, #394 ),
 ( #739, #1058 ),
 ( #439, #955 ),
 ( #1168, #850 ),
 ( #550, #118 ),
 ( #1258, #638 ),
 ( #1162, #232 ),
 ( #329, #341 ),
 ( #644, #1156 ),
 ( #124, #132 ),
 ( #960, #1045 ),
 ( #243, #431 ),
 ( #1270, #445 ),
 ( #834, #544 ),
 ( #751, #1252 ),
 ( #1264, #651 ),
 ( #656, #238 ),
 ( #1064, #1052 ),
 ( #30, #139 ),
 ( #631, #35 ),
 ( #451, #732 ),
 ( #23, #335 ),
 ( #861, #1275 ),
 ( #8, #745 ),
 ( #347, #856 ),
 ( #757, #1173 ),
 ( #1071, #226 ),
 ( #322, #1148 ),
 ( #145, #933 ),
 ( #948, #939 ),
 ( #425, #538 ),
 ( #219, #531 ),
 ( #842, #15 ),
 ( #457, #358 ),
 ( #42, #64 ),
 ( #691, #54 ),
 ( #871, #256 ),
 ( #776, #1191 ),
 ( #1306, #151 ),
 ( #568, #156 ),
 ( #663, #365 ),
 ( #59, #1089 ),
 ( #866, #1186 ),
 ( #1280, #262 ),
 ( #788, #1286 ),
 ( #884, #353 ),
 ( #979, #769 ),
 ( #1103, #1076 ),
 ( #685, #671 ),
 ( #161, #783 ),
 ( #249, #372 ),
 ( #481, #763 ),
 ( #1082, #679 ),
 ( #555, #469 ),
 ( #1199, #275 ),
 ( #890, #984 ),
 ( #167, #579 ),
 ( #1178, #380 ),
 ( #573, #269 ),
 ( #876, #1096 ),
 ( #990, #1205 ),
 ( #1294, #968 ),
 ( #562, #1300 ),
 ( #463, #475 ),
 ( #974, #48 ),
 ( #501, #1110 ),
 ( #744, #1226 ),
 ( #608, #702 ),
 ( #911, #811 ),
 ( #1115, #795 ),
 ( #174, #85 ),
 ( #709, #1022 ),
 ( #70, #334 ),
 ( #204, #586 ),
 ( #298, #188 ),
 ( #1006, #410 ),
 ( #600, #393 ),
 ( #997, #696 ),
 ( #1312, #1015 ),
 ( #76, #536 ),
 ( #386, #401 ),
 ( #1327, #180 ),
 ( #593, #1124 ),
 ( #493, #820 ),
 ( #1237, #486 ),
 ( #1132, #306 ),
 ( #196, #945 ),
 ( #718, #95 ),
 ( #803, #896 ),
 ( #509, #636 ),
 ( #1335, #1050 ),
 ( #1218, #123 ),
 ( #22, #1211 ),
 ( #437, #903 ),
 ( #289, #918 ),
 ( #282, #847 ),
 ( #1263, #1320 ),
 ( #755, #875 ),
 ( #52, #242 ),
 ( #1172, #761 ),
 ( #543, #351 ),
 ( #650, #1075 ),
 ( #362, #467 ),
 ( #1182, #231 ),
 ( #1279, #655 ),
 ( #444, #1290 ),
 ( #450, #1161 ),
 ( #1070, #461 ),
 ( #860, #1274 ),
 ( #455, #29 ),
 ( #750, #1167 ),
 ( #143, #870 ),
 ( #964, #137 ),
 ( #1177, #643 ),
 ( #346, #554 ),
 ( #660, #1057 ),
 ( #357, #340 ),
 ( #1285, #149 ),
 ( #767, #560 ),
 ( #254, #549 ),
 ( #669, #47 ),
 ( #39, #247 ),
 ( #1080, #973 ),
 ( #155, #978 ),
 ( #953, #855 ),
 ( #865, #1063 ),
 ( #567, #130 ) ),
 .UNSPECIFIED., .F., .F., .F.,
 ( 4, 1, 1, 1, 1, 1, 1, 1, 1, 1, 1, 1, 1, 1, 1, 1, 1, 1, 1, 1, 1, 1, 1, 1, 1, 1, 1, 1, 1, 1, 1, 1, 1, 1, 1, 1, 1, 1, 1, 1, 1, 1, 1, 1, 1, 1, 1, 1, 1, 1, 1, 1, 1, 1, 1, 1, 1, 1, 1, 1, 1, 1, 1, 1, 1, 1, 1, 1, 1, 1, 1, 1, 1, 1, 1, 1, 1, 1, 1, 1, 1, 1, 1, 1, 1, 1, 1, 1, 1, 1, 1, 1, 1, 1, 1, 1, 1, 1, 1, 1, 1, 1, 1, 1, 1, 1, 1, 1, 1, 1, 1, 1, 1, 1, 1, 1, 1, 1, 1, 1, 1, 1, 1, 1, 1, 1, 1, 1, 1, 1, 1, 1, 1, 1, 1, 1, 1, 1, 1, 1, 1, 1, 1, 1, 1, 1, 1, 1, 1, 1, 1, 1, 1, 1, 1, 1, 1, 1, 1, 1, 1, 1, 1, 1, 1, 1, 1, 1, 1, 1, 1, 1, 1, 1, 1, 1, 1, 1, 1, 1, 1, 1, 1, 1, 1, 1, 1, 1, 1, 1, 4 ),
 ( 2, 2 ),
 ( 0.000000000000000000, 0.0001217713566992956398, 0.0004865122342467471960, 0.001093752078685834243, 0.001943388652379241877, 0.003034010020996495086, 0.004364369125990424578, 0.005933894621011501225, 0.007739559983940568801, 0.009780694256740777442, 0.01205474367419652991, 0.01455895650497152256, 0.01729088106953345291, 0.02024767245704613833, 0.02342584077625551459, 0.02682302206366115813, 0.03043478697258339416, 0.04252037480547354864, 0.04695187063345630796, 0.05157677959840350351, 0.05639144826391140342, 0.06139033528019618297, 0.06656876196291486303, 0.07744069019634323980, 0.08312408757070108289, 0.08896436380735059379, 0.09495553083771697545, 0.1010920793946257917, 0.1073674755498546657, 0.1137758247068228340, 0.1203095761423087773, 0.1269632440465669199, 0.1337299953347019787, 0.1406022300124777635, 0.1475740795331534905, 0.1546381782620219192, 0.1617870290125992816, 0.1690141703255420291, 0.1763113746705847196, 0.1836726119267793889, 0.1910894835841210615, 0.1985552221624698188, 0.2060624126331550010, 0.2136027609578583786, 0.2211699034682931275, 0.2287555296893361012, 0.2439526683931337592, 0.2515492167705597470, 0.2591347622922941518, 0.2742427624491781679, 0.2817500190894288159, 0.2892173256104284551, 0.2966367026061156875, 0.3040011797894361378, 0.3113043410766957453, 0.3185383586403586209, 0.3256978999735226088, 0.3327752654572866953, 0.3397647481002851744, 0.3466597490606377896, 0.3534537306500886156, 0.3601416773508216429, 0.3667171993312411948, 0.3731744477894444190, 0.3795090925512459301, 0.3857149315372765397, 0.3917873685822820806, 0.3977212679203853130, 0.4035126305773646394, 0.4091569765079556831, 0.4146495900281743641, 0.4199875889497730608, 0.4251672484011357889, 0.4301847032306265750, 0.4350372966395247287, 0.4397218003003323106, 0.4442369537180307915, 0.4485804716987534246, 0.4527505541260334887, 0.4567463334973420608, 0.4605676223292133886, 0.4642148732858693005, 0.4676878455343250751, 0.4709897877592223447, 0.4741228296831854205, 0.4770914263560548374, 0.4799013016985559377, 0.4825594121437186135, 0.4850752052045746998, 0.4874609525316267455, 0.4897308755373179778, 0.4919027042194457078, 0.4939969870360997328, 0.4960372073466098319, 0.4980494666051150099, 0.5000608856783496092, 0.5020723047515841531, 0.5040845640100893865, 0.5061247843205994856, 0.5082190671372535107, 0.5103908958193812406, 0.5126608188250725284, 0.5150465661521245186, 0.5175623592129806605, 0.5202204696581432808, 0.5230303450006443811, 0.5259989416735137979, 0.5291319835974768182, 0.5324339258223741433, 0.5359068980708299179, 0.5395541490274857743, 0.5433754378593570467, 0.5473712172306656187, 0.5515412996579457383, 0.5558848176386683715, 0.5603999710563668524, 0.5650844747171743787, 0.5699370681260725879, 0.5749545229555633741, 0.5801341824069260467, 0.5854721813285247434, 0.5909647948487435354, 0.5966091407793344681, 0.6024005034363137945, 0.6083344027744170823, 0.6144068398194226788, 0.6206126788054532328, 0.6269473235672547995, 0.6334045720254579681, 0.6399800940058776311, 0.6466680407066106584, 0.6534620222960614289, 0.6603570232564140996, 0.6673465058994125787, 0.6744238713831766097, 0.6815834127163405975, 0.6888174302800034177, 0.6961205915672630251, 0.7034850687505834754, 0.7109044457462706523, 0.7183717522672703470, 0.7258790089075209950, 0.7409870090644049556, 0.7485725545861392494, 0.7561691029635652095, 0.7713662416673630062, 0.7789518678884059799, 0.7865190103988406456, 0.7940593587235440509, 0.8015665491942292054, 0.8090322877725779627, 0.8164491594299196908, 0.8238103966861143324, 0.8311076010311569950, 0.8383347423440997703, 0.8454835930946772438, 0.8525476918235456170, 0.8595195413442213717, 0.8663917760219971287, 0.8731585273101322153, 0.8798121952143902469, 0.8863459466498762040, 0.8927542958068444001, 0.8990296919620732741, 0.9051662405189820904, 0.9111574075493484859, 0.9169976837859978858, 0.9226810811603557427, 0.9335530093937841611, 0.9387314360765028898, 0.9437303230927877040, 0.9485449917582956525, 0.9531699007232428134, 0.9576013965512256698, 0.9658643117455415483, 0.9696869843841158243, 0.9732987492930381679, 0.9766959305804436831, 0.9798740988996530454, 0.9828308902871657482, 0.9855628148517276976, 0.9880670276825026521, 0.9903410770999583335, 0.9923822113727586158, 0.9941878767356877589, 0.9957574022307087436, 0.9970877613357027602, 0.9981783827043200219, 0.9990280192780133239, 0.9996352591224524353, 0.9999999999999998890 ),
 ( 0.000000000000000000, 1.000000000000000000 ),
 .UNSPECIFIED. ) ;
#374 = CARTESIAN_POINT ( 'NONE',  ( 97.53724281256667439, 0.5286272142901118354, 500.0000000000000000 ) ) ;
#375 = CARTESIAN_POINT ( 'NONE',  ( 42.18117208829819731, -8.567727671100376696, -500.0000000000000000 ) ) ;
#376 = CARTESIAN_POINT ( 'NONE',  ( 46.34197557326256600, -8.259268456330696395, 500.0000000000000000 ) ) ;
#377 = CARTESIAN_POINT ( 'NONE',  ( 100.0816622018674451, 1.005785160812517010, 500.0000000000000000 ) ) ;
#378 = ORIENTED_EDGE ( 'NONE', *, *, #304, .T. ) ;
#379 = APPROVAL_ROLE ( '' ) ;
#380 = CARTESIAN_POINT ( 'NONE',  ( 16.94411706578071275, -8.289126077134458370, 500.0000000000000000 ) ) ;
#381 = CARTESIAN_POINT ( 'NONE',  ( 86.06102034705868675, 2.788088425319392716, -500.0000000000000000 ) ) ;
#382 = CARTESIAN_POINT ( 'NONE',  ( 23.21702688637228107, -8.832588102005715314, -500.0000000000000000 ) ) ;
#383 = EDGE_CURVE ( 'NONE', #1318, #677, #551, .T. ) ;
#384 = CARTESIAN_POINT ( 'NONE',  ( 62.43080829726302738, -6.510563397417207021, 500.0000000000000000 ) ) ;
#385 = CARTESIAN_POINT ( 'NONE',  ( 5.499550768261611822, 6.657545813951975866, 500.0000000000000000 ) ) ;
#386 = CARTESIAN_POINT ( 'NONE',  ( 52.61588254115997643, -7.670911068850002401, -500.0000000000000000 ) ) ;
#387 = CARTESIAN_POINT ( 'NONE',  ( 24.55596898859973010, 8.896189118766503867, 500.0000000000000000 ) ) ;
#388 = CARTESIAN_POINT ( 'NONE',  ( 0.8848210161336911295, -2.422552461610714580, -500.0000000000000000 ) ) ;
#389 = CARTESIAN_POINT ( 'NONE',  ( 9.559569886992010268, -6.913934329567123172, 500.0000000000000000 ) ) ;
#390 = CARTESIAN_POINT ( 'NONE',  ( 98.88839406098040286, 1.263485915186620678, 500.0000000000000000 ) ) ;
#391 = EDGE_LOOP ( 'NONE', ( #261, #267, #281, #808 ) ) ;
#392 = SECURITY_CLASSIFICATION_LEVEL ( 'unclassified' ) ;
#393 = CARTESIAN_POINT ( 'NONE',  ( 44.25820718950041055, -8.423607305226843422, 500.0000000000000000 ) ) ;
#394 = CARTESIAN_POINT ( 'NONE',  ( 20.61967126910492354, 8.660455926991621922, 500.0000000000000000 ) ) ;
#395 = CARTESIAN_POINT ( 'NONE',  ( 69.85119229305965405, -5.473263620374393845, -500.0000000000000000 ) ) ;
#396 = CARTESIAN_POINT ( 'NONE',  ( 18.41363346742480545, 9.491055245188602996, -500.0000000000000000 ) ) ;
#397 = CARTESIAN_POINT ( 'NONE',  ( 66.04979480498496969, -7.052114058288335485, 500.0000000000000000 ) ) ;
#398 = CARTESIAN_POINT ( 'NONE',  ( 100.0000000000000000, 0.000000000000000000, 500.0000000000000000 ) ) ;
#399 = PERSON_AND_ORGANIZATION ( #1232, #40 ) ;
#400 = CARTESIAN_POINT ( 'NONE',  ( -0.6785644687191026980, 1.708989646375310478, -500.0000000000000000 ) ) ;
#401 = CARTESIAN_POINT ( 'NONE',  ( 52.61588254115997643, -7.670911068850002401, 500.0000000000000000 ) ) ;
#402 = CARTESIAN_POINT ( 'NONE',  ( 44.25820718950040344, 8.423607305226846975, -500.0000000000000000 ) ) ;
#403 = CARTESIAN_POINT ( 'NONE',  ( 99.76171153352740362, -0.05188643038925011552, -500.0000000000000000 ) ) ;
#404 = CARTESIAN_POINT ( 'NONE',  ( 5.499550768261611822, 6.657545813951975866, -500.0000000000000000 ) ) ;
#405 = CARTESIAN_POINT ( 'NONE',  ( 20.56781296956937766, -9.679795418485019454, 500.0000000000000000 ) ) ;
#406 = CARTESIAN_POINT ( 'NONE',  ( 74.08006600230346805, 4.826934963134945633, 500.0000000000000000 ) ) ;
#407 = CARTESIAN_POINT ( 'NONE',  ( 0.000000000000000000, 0.000000000000000000, 0.000000000000000000 ) ) ;
#408 = CARTESIAN_POINT ( 'NONE',  ( 1.453631098354447371, -4.403958221908652604, -500.0000000000000000 ) ) ;
#409 = CARTESIAN_POINT ( 'NONE',  ( 8.652108718249342800, -7.713630993029974015, -500.0000000000000000 ) ) ;
#410 = CARTESIAN_POINT ( 'NONE',  ( 42.18117208829819731, -8.567727671100376696, 500.0000000000000000 ) ) ;
#411 = CARTESIAN_POINT ( 'NONE',  ( 30.14914243313588571, 9.003211283084668892, 500.0000000000000000 ) ) ;
#412 = CARTESIAN_POINT ( 'NONE',  ( 99.09822650174635328, -0.1955230880656631254, -500.0000000000000000 ) ) ;
#413 = CARTESIAN_POINT ( 'NONE',  ( 94.90924572549694460, 2.096416836946373152, -500.0000000000000000 ) ) ;
#414 = CARTESIAN_POINT ( 'NONE',  ( 24.92723968499231546, -9.930760593782521184, 500.0000000000000000 ) ) ;
#415 = CARTESIAN_POINT ( 'NONE',  ( 88.51323916861026930, 2.331223182878305433, 500.0000000000000000 ) ) ;
#416 = CARTESIAN_POINT ( 'NONE',  ( -1.001208489508742527, -0.3306089394880489807, 500.0000000000000000 ) ) ;
#417 = DESIGN_CONTEXT ( 'detailed design', #1092, 'design' ) ;
#418 = CARTESIAN_POINT ( 'NONE',  ( 40.63431717833469037, 8.664784610993297775, -500.0000000000000000 ) ) ;
#419 = CARTESIAN_POINT ( 'NONE',  ( 65.44610873820369079, -6.104375293899281907, -500.0000000000000000 ) ) ;
#420 = CARTESIAN_POINT ( 'NONE',  ( 93.80103744093295859, -1.299515209507018820, 500.0000000000000000 ) ) ;
#421 = CARTESIAN_POINT ( 'NONE',  ( -0.6903744734827854668, -1.679370767021070021, 500.0000000000000000 ) ) ;
#422 = CARTESIAN_POINT ( 'NONE',  ( 69.85119229305969668, 5.473263620374399174, 500.0000000000000000 ) ) ;
#423 = CARTESIAN_POINT ( 'NONE',  ( -0.6903744734827854668, -1.679370767021070021, 500.0000000000000000 ) ) ;
#424 = CARTESIAN_POINT ( 'NONE',  ( 33.63909698526722991, -9.970350067094937430, -500.0000000000000000 ) ) ;
#425 = CARTESIAN_POINT ( 'NONE',  ( -0.008207965190541595749, 9.150283182314958353E-15, -500.0000000000000000 ) ) ;
#426 = CARTESIAN_POINT ( 'NONE',  ( 66.93165460784592824, -5.896604244596050037, -500.0000000000000000 ) ) ;
#427 = CARTESIAN_POINT ( 'NONE',  ( 89.59306783943723929, 3.148943248769656478, -500.0000000000000000 ) ) ;
#428 = CARTESIAN_POINT ( 'NONE',  ( 1.453631098354447371, -4.403958221908652604, 500.0000000000000000 ) ) ;
#429 = CARTESIAN_POINT ( 'NONE',  ( 59.36638033854318053, 6.900186356683823519, 500.0000000000000000 ) ) ;
#430 = CARTESIAN_POINT ( 'NONE',  ( 7.609653537955836100, 7.407794599979995454, -500.0000000000000000 ) ) ;
#431 = CARTESIAN_POINT ( 'NONE',  ( 8.656307912618126821, 6.663195981500074971, 500.0000000000000000 ) ) ;
#432 = CARTESIAN_POINT ( 'NONE',  ( 57.47384140538547825, 8.158012908776544947, 500.0000000000000000 ) ) ;
#433 = LOCAL_TIME ( 16, 1, 8.000000000000000000, #592 ) ;
#434 = LINE ( 'NONE', #134, #491 ) ;
#435 = CARTESIAN_POINT ( 'NONE',  ( 60.90396510598632318, 6.707571456946701538, -500.0000000000000000 ) ) ;
#436 = CARTESIAN_POINT ( 'NONE',  ( 0.2155775169912744482, -1.239735350305374517, 500.0000000000000000 ) ) ;
#437 = CARTESIAN_POINT ( 'NONE',  ( 72.69239761540512745, -5.043443029917860976, -500.0000000000000000 ) ) ;
#438 = CARTESIAN_POINT ( 'NONE',  ( 27.10740964257703567, -9.989582776100581540, 500.0000000000000000 ) ) ;
#439 = CARTESIAN_POINT ( 'NONE',  ( 18.13827739345038381, 8.427911328026523208, -500.0000000000000000 ) ) ;
#440 = CARTESIAN_POINT ( 'NONE',  ( 53.16335300485650350, 8.646995090546017337, -500.0000000000000000 ) ) ;
#441 = CARTESIAN_POINT ( 'NONE',  ( 0.1321555952255765998, -3.114594898807556245, -500.0000000000000000 ) ) ;
#442 = CARTESIAN_POINT ( 'NONE',  ( 4.767521285062196412, 5.229789408013593821, -500.0000000000000000 ) ) ;
#443 = CARTESIAN_POINT ( 'NONE',  ( 0.3897226981455284012, -1.640905353375601949, 500.0000000000000000 ) ) ;
#444 = CARTESIAN_POINT ( 'NONE',  ( 88.51323916861028351, -2.331223182878306766, -500.0000000000000000 ) ) ;
#445 = CARTESIAN_POINT ( 'NONE',  ( 7.793805397449245831, 6.399798301592716676, 500.0000000000000000 ) ) ;
#446 = CARTESIAN_POINT ( 'NONE',  ( 15.12736361410712327, -9.056666900678907339, -500.0000000000000000 ) ) ;
#447 = CARTESIAN_POINT ( 'NONE',  ( 6.972888585422584384, 6.124365591744857618, -500.0000000000000000 ) ) ;
#448 = CARTESIAN_POINT ( 'NONE',  ( 3.518751128541191875, 4.581216229304370557, 500.0000000000000000 ) ) ;
#449 = EDGE_CURVE ( 'NONE', #166, #1108, #434, .T. ) ;
#450 = CARTESIAN_POINT ( 'NONE',  ( 89.49496823229375764, -2.144721330546416116, -500.0000000000000000 ) ) ;
#451 = CARTESIAN_POINT ( 'NONE',  ( 2.452740648271219293, 3.895097683277724432, -500.0000000000000000 ) ) ;
#452 = DIRECTION ( 'NONE',  ( -0.2137149381804673287, -0.9768960667330578440, 0.000000000000000000 ) ) ;
#453 = CARTESIAN_POINT ( 'NONE',  ( 80.63557316865764335, 3.749327170183463842, -500.0000000000000000 ) ) ;
#454 = CARTESIAN_POINT ( 'NONE',  ( 5.459011505767950467, -5.538887406617213571, 500.0000000000000000 ) ) ;
#455 = CARTESIAN_POINT ( 'NONE',  ( 92.73584008240371190, -1.513177603323121234, -500.0000000000000000 ) ) ;
#456 = CARTESIAN_POINT ( 'NONE',  ( 91.69633534545131681, -2.742556603186471875, -500.0000000000000000 ) ) ;
#457 = CARTESIAN_POINT ( 'NONE',  ( 0.2155775169912744482, -1.239735350305374517, -500.0000000000000000 ) ) ;
#458 = CARTESIAN_POINT ( 'NONE',  ( -0.9570359007434375842, 0.7113829501493633689, -500.0000000000000000 ) ) ;
#459 = CARTESIAN_POINT ( 'NONE',  ( 21.90451174827789060, 8.753966484112543966, -500.0000000000000000 ) ) ;
#460 = CARTESIAN_POINT ( 'NONE',  ( 23.21702688637230239, 8.832588102005717090, 500.0000000000000000 ) ) ;
#461 = CARTESIAN_POINT ( 'NONE',  ( 90.43771844095196855, -1.963457409260005671, 500.0000000000000000 ) ) ;
#462 = CARTESIAN_POINT ( 'NONE',  ( 95.94675874419657191, -1.883847193561575928, -500.0000000000000000 ) ) ;
#463 = CARTESIAN_POINT ( 'NONE',  ( 24.55596898859975141, -8.896189118766500314, -500.0000000000000000 ) ) ;
#464 = CARTESIAN_POINT ( 'NONE',  ( 99.58939596418284168, 0.08921474585206141950, -500.0000000000000000 ) ) ;
#465 = CARTESIAN_POINT ( 'NONE',  ( 2.962633860748284498, -4.242636647532119554, -500.0000000000000000 ) ) ;
#466 = CARTESIAN_POINT ( 'NONE',  ( 52.61588254115997643, -7.670911068850002401, 500.0000000000000000 ) ) ;
#467 = CARTESIAN_POINT ( 'NONE',  ( 84.58103156856243743, -3.056872080568937999, 500.0000000000000000 ) ) ;
#468 = CARTESIAN_POINT ( 'NONE',  ( 99.65952867055224829, -1.097484471350323565, -500.0000000000000000 ) ) ;
#469 = CARTESIAN_POINT ( 'NONE',  ( 12.50473706343479385, -7.587622785345909726, 500.0000000000000000 ) ) ;
#470 = CARTESIAN_POINT ( 'NONE',  ( 93.24053643968738925, 1.413012466662193489, 500.0000000000000000 ) ) ;
#471 = CARTESIAN_POINT ( 'NONE',  ( 25.92000006945830748, -8.944919456412410597, -500.0000000000000000 ) ) ;
#472 = AXIS2_PLACEMENT_3D ( 'NONE', #1256, #707, #1145 ) ;
#473 = CARTESIAN_POINT ( 'NONE',  ( 25.92000006945830748, -8.944919456412410597, 500.0000000000000000 ) ) ;
#474 = CARTESIAN_POINT ( 'NONE',  ( 98.09291651358800834, 1.433363767003808853, 500.0000000000000000 ) ) ;
#475 = CARTESIAN_POINT ( 'NONE',  ( 24.55596898859975141, -8.896189118766500314, 500.0000000000000000 ) ) ;
#476 = CARTESIAN_POINT ( 'NONE',  ( 80.63557316865764335, 3.749327170183463842, 500.0000000000000000 ) ) ;
#477 = CARTESIAN_POINT ( 'NONE',  ( 4.120528549498125415, -4.910449053331014113, -500.0000000000000000 ) ) ;
#478 = CARTESIAN_POINT ( 'NONE',  ( 33.06882993709525209, -8.971559956122789004, 500.0000000000000000 ) ) ;
#479 = CARTESIAN_POINT ( 'NONE',  ( 97.56277864685020518, 1.545379587415268485, 500.0000000000000000 ) ) ;
#480 = CARTESIAN_POINT ( 'NONE',  ( 66.04979480498496969, -7.052114058288335485, 500.0000000000000000 ) ) ;
#481 = CARTESIAN_POINT ( 'NONE',  ( 10.50264980120924996, -7.151909920479473826, -500.0000000000000000 ) ) ;
#482 = CARTESIAN_POINT ( 'NONE',  ( 97.99894507717698389, 0.4307120878653462603, 500.0000000000000000 ) ) ;
#483 = CARTESIAN_POINT ( 'NONE',  ( 0.3897226981455292893, 1.640905353375603948, -500.0000000000000000 ) ) ;
#484 = CARTESIAN_POINT ( 'NONE',  ( 56.26498633661070414, -7.269531170022315081, 500.0000000000000000 ) ) ;
#485 = CARTESIAN_POINT ( 'NONE',  ( -0.6785644687191026980, 1.708989646375310478, 500.0000000000000000 ) ) ;
#486 = CARTESIAN_POINT ( 'NONE',  ( 59.36638033854318053, -6.900186356683823519, 500.0000000000000000 ) ) ;
#487 = CARTESIAN_POINT ( 'NONE',  ( 75.44400919754154700, 4.610362855798521231, -500.0000000000000000 ) ) ;
#488 = CARTESIAN_POINT ( 'NONE',  ( 15.78254807442937313, -8.135677350475560843, -500.0000000000000000 ) ) ;
#489 = CARTESIAN_POINT ( 'NONE',  ( 8.656307912618128597, -6.663195981500074971, 500.0000000000000000 ) ) ;
#490 = CARTESIAN_POINT ( 'NONE',  ( 99.68397334180811242, 1.091972391227236328, 500.0000000000000000 ) ) ;
#491 = VECTOR ( 'NONE', #452, 1000.000000000000114 ) ;
#492 = ORIENTED_EDGE ( 'NONE', *, *, #449, .T. ) ;
#493 = CARTESIAN_POINT ( 'NONE',  ( 57.81954803167191415, -7.087635715863017438, -500.0000000000000000 ) ) ;
#494 = CARTESIAN_POINT ( 'NONE',  ( 31.59990693805333350, 8.994310203447033913, 500.0000000000000000 ) ) ;
#495 = CARTESIAN_POINT ( 'NONE',  ( 99.58939654368674610, -0.08921740320979651417, -500.0000000000000000 ) ) ;
#496 = CARTESIAN_POINT ( 'NONE',  ( 40.18400627303136474, 9.738968799440122837, -500.0000000000000000 ) ) ;
#497 = CARTESIAN_POINT ( 'NONE',  ( 15.15275827290535204, 9.060412837144689036, 500.0000000000000000 ) ) ;
#498 = ORIENTED_EDGE ( 'NONE', *, *, #304, .F. ) ;
#499 = APPROVAL_STATUS ( 'not_yet_approved' ) ;
#500 = CARTESIAN_POINT ( 'NONE',  ( 1.008213546643900616, 4.037148060609245803, 500.0000000000000000 ) ) ;
#501 = CARTESIAN_POINT ( 'NONE',  ( 27.30779008153082543, -8.978843605748705770, -500.0000000000000000 ) ) ;
#502 = CARTESIAN_POINT ( 'NONE',  ( 42.18117208829819731, 8.567727671100369591, -500.0000000000000000 ) ) ;
#503 = CARTESIAN_POINT ( 'NONE',  ( 93.80103744093295859, -1.299515209507018820, -500.0000000000000000 ) ) ;
#504 = CARTESIAN_POINT ( 'NONE',  ( -0.6785644687191026980, 1.708989646375310478, -500.0000000000000000 ) ) ;
#505 = CARTESIAN_POINT ( 'NONE',  ( 33.63909698526722991, -9.970350067094937430, 500.0000000000000000 ) ) ;
#506 = CARTESIAN_POINT ( 'NONE',  ( 83.05499585077542690, 3.328386375900617367, 500.0000000000000000 ) ) ;
#507 = CARTESIAN_POINT ( 'NONE',  ( 0.1603753038549535215, 3.120896758974927909, -500.0000000000000000 ) ) ;
#508 = CARTESIAN_POINT ( 'NONE',  ( 14.04206618816799867, -8.888085025556499374, 500.0000000000000000 ) ) ;
#509 = CARTESIAN_POINT ( 'NONE',  ( 66.93165460784592824, -5.896604244596050037, -500.0000000000000000 ) ) ;
#510 = CARTESIAN_POINT ( 'NONE',  ( 33.06882993709523078, 8.971559956122785451, -500.0000000000000000 ) ) ;
#511 = CARTESIAN_POINT ( 'NONE',  ( 83.05499585077545532, -3.328386375900614702, -500.0000000000000000 ) ) ;
#512 = CARTESIAN_POINT ( 'NONE',  ( 31.48863486609842255, 10.00916103200362350, -500.0000000000000000 ) ) ;
#513 = CARTESIAN_POINT ( 'NONE',  ( 5.475086882524312415, -6.647768688334258158, 500.0000000000000000 ) ) ;
#514 = CARTESIAN_POINT ( 'NONE',  ( 97.53724281256667439, 0.5286272142901118354, 500.0000000000000000 ) ) ;
#515 = APPROVAL_ROLE ( '' ) ;
#516 = CARTESIAN_POINT ( 'NONE',  ( -0.9620522846238168668, -0.6792106599401633860, -500.0000000000000000 ) ) ;
#517 = CARTESIAN_POINT ( 'NONE',  ( 25.92000006945831814, 8.944919456412407044, 500.0000000000000000 ) ) ;
#518 = CARTESIAN_POINT ( 'NONE',  ( 94.53578214776757704, -1.150734906245889588, -500.0000000000000000 ) ) ;
#519 = CARTESIAN_POINT ( 'NONE',  ( 57.47384140538547825, 8.158012908776544947, -500.0000000000000000 ) ) ;
#520 = CARTESIAN_POINT ( 'NONE',  ( 91.69633534545131681, -2.742556603186471875, 500.0000000000000000 ) ) ;
#521 = CARTESIAN_POINT ( 'NONE',  ( 63.94532931377018770, 6.309291610586761578, 500.0000000000000000 ) ) ;
#522 = CARTESIAN_POINT ( 'NONE',  ( -0.6903744734827854668, -1.679370767021070021, -500.0000000000000000 ) ) ;
#523 = APPROVAL ( #1325, 'UNSPECIFIED' ) ;
#524 = CARTESIAN_POINT ( 'NONE',  ( 31.59990693805333350, 8.994310203447033913, -500.0000000000000000 ) ) ;
#525 = CARTESIAN_POINT ( 'NONE',  ( 84.58103156856243743, -3.056872080568937999, -500.0000000000000000 ) ) ;
#526 = CARTESIAN_POINT ( 'NONE',  ( 99.55085917693260456, 1.120865350702995755, -500.0000000000000000 ) ) ;
#527 = CARTESIAN_POINT ( 'NONE',  ( 7.584787698897296870, -7.400007582626495051, 500.0000000000000000 ) ) ;
#528 = CARTESIAN_POINT ( 'NONE',  ( 91.87406695945421120, 1.684225445955479961, 500.0000000000000000 ) ) ;
#529 = CARTESIAN_POINT ( 'NONE',  ( -0.2598030354955291887, -2.591586786535129860, 500.0000000000000000 ) ) ;
#530 = CARTESIAN_POINT ( 'NONE',  ( 10.79826260478706779, -8.258499139042564607, -500.0000000000000000 ) ) ;
#531 = CARTESIAN_POINT ( 'NONE',  ( 0.01641935891149164800, -0.4179446764462360631, 500.0000000000000000 ) ) ;
#532 = CARTESIAN_POINT ( 'NONE',  ( 83.19974279806140771, 4.338099743194852920, -500.0000000000000000 ) ) ;
#533 = CARTESIAN_POINT ( 'NONE',  ( 95.94675874419657191, -1.883847193561575928, -500.0000000000000000 ) ) ;
#534 = CARTESIAN_POINT ( 'NONE',  ( 90.43771844095196855, 1.963457409259992348, -500.0000000000000000 ) ) ;
#535 = CARTESIAN_POINT ( 'NONE',  ( 14.65475593578873337, 7.967321506751950722, 500.0000000000000000 ) ) ;
#536 = CARTESIAN_POINT ( 'NONE',  ( 50.52390703134270211, -7.881822859537480852, 500.0000000000000000 ) ) ;
#537 = CARTESIAN_POINT ( 'NONE',  ( 44.49301355815156711, -9.438856860695237216, 500.0000000000000000 ) ) ;
#538 = CARTESIAN_POINT ( 'NONE',  ( -0.008207965190541595749, 9.150283182314958353E-15, 500.0000000000000000 ) ) ;
#539 = CARTESIAN_POINT ( 'NONE',  ( 53.16335300485650350, 8.646995090546017337, 500.0000000000000000 ) ) ;
#540 = CARTESIAN_POINT ( 'NONE',  ( 91.69633534545131681, -2.742556603186471875, -500.0000000000000000 ) ) ;
#541 = CARTESIAN_POINT ( 'NONE',  ( 6.194404009452697757, 5.837196288321082172, -500.0000000000000000 ) ) ;
#542 = CARTESIAN_POINT ( 'NONE',  ( 0.09112321900289296894, 0.8319346391197468549, 500.0000000000000000 ) ) ;
#543 = CARTESIAN_POINT ( 'NONE',  ( 81.86100036726783458, -3.537701396701470546, -500.0000000000000000 ) ) ;
#544 = CARTESIAN_POINT ( 'NONE',  ( 6.972888585422584384, 6.124365591744857618, 500.0000000000000000 ) ) ;
#545 = CARTESIAN_POINT ( 'NONE',  ( 27.13288536127510397, 9.990080626611211656, 500.0000000000000000 ) ) ;
#546 = DIRECTION ( 'NONE',  ( 0.000000000000000000, 0.000000000000000000, 1.000000000000000000 ) ) ;
#547 = CARTESIAN_POINT ( 'NONE',  ( 79.37992168110686464, 3.962876278162673849, -500.0000000000000000 ) ) ;
#548 = CARTESIAN_POINT ( 'NONE',  ( 31.59990693805333350, 8.994310203447033913, 500.0000000000000000 ) ) ;
#549 = CARTESIAN_POINT ( 'NONE',  ( 98.77982997689881017, -0.2639729994334615859, 500.0000000000000000 ) ) ;
#550 = CARTESIAN_POINT ( 'NONE',  ( 15.78254807442940333, 8.135677350475564396, -500.0000000000000000 ) ) ;
#551 = LINE ( 'NONE', #1260, #1143 ) ;
#552 = CARTESIAN_POINT ( 'NONE',  ( 63.94532931377018770, 6.309291610586761578, -500.0000000000000000 ) ) ;
#553 = CARTESIAN_POINT ( 'NONE',  ( 0.6129239413752725074, -2.035248348719222555, 500.0000000000000000 ) ) ;
#554 = CARTESIAN_POINT ( 'NONE',  ( 96.47360283097444267, -0.7518599246006546499, 500.0000000000000000 ) ) ;
#555 = CARTESIAN_POINT ( 'NONE',  ( 12.50473706343479385, -7.587622785345909726, -500.0000000000000000 ) ) ;
#556 = CARTESIAN_POINT ( 'NONE',  ( 99.95887333752824588, 0.008997254085710823523, -500.0000000000000000 ) ) ;
#557 = CC_DESIGN_APPROVAL ( #672, ( #1313 ) ) ;
#558 = CARTESIAN_POINT ( 'NONE',  ( 27.30779008153085030, 8.978843605748709322, -500.0000000000000000 ) ) ;
#559 = CARTESIAN_POINT ( 'NONE',  ( 7.793805397449245831, 6.399798301592716676, 500.0000000000000000 ) ) ;
#560 = CARTESIAN_POINT ( 'NONE',  ( 98.41327901651223442, -0.3424805983704849455, 500.0000000000000000 ) ) ;
#561 = CARTESIAN_POINT ( 'NONE',  ( 97.53802338349802881, -1.550595893608866405, 500.0000000000000000 ) ) ;
#562 = CARTESIAN_POINT ( 'NONE',  ( 23.21702688637228107, -8.832588102005715314, -500.0000000000000000 ) ) ;
#563 = EDGE_CURVE ( 'NONE', #1108, #82, #1169, .T. ) ;
#564 = CARTESIAN_POINT ( 'NONE',  ( 90.43771844095196855, 1.963457409259992348, 500.0000000000000000 ) ) ;
#565 = CARTESIAN_POINT ( 'NONE',  ( 84.58103156856245164, 3.056872080568939776, -500.0000000000000000 ) ) ;
#566 = CARTESIAN_POINT ( 'NONE',  ( 28.71797100207377795, -8.998172760352430188, 500.0000000000000000 ) ) ;
#567 = CARTESIAN_POINT ( 'NONE',  ( 99.97530000000001849, -0.005400000000000001153, -500.0000000000000000 ) ) ;
#568 = CARTESIAN_POINT ( 'NONE',  ( 1.989610153172523432, -3.538931254299442664, -500.0000000000000000 ) ) ;
#569 = CARTESIAN_POINT ( 'NONE',  ( 99.58939596418284168, 0.08921474585206141950, 500.0000000000000000 ) ) ;
#570 = CARTESIAN_POINT ( 'NONE',  ( 11.48469740207333345, -7.376485184842333176, -500.0000000000000000 ) ) ;
#571 = CARTESIAN_POINT ( 'NONE',  ( 34.55441208615608417, -8.935438793399198332, 500.0000000000000000 ) ) ;
#572 = CARTESIAN_POINT ( 'NONE',  ( 1.475608962200198659, 4.421311092464345727, 500.0000000000000000 ) ) ;
#573 = CARTESIAN_POINT ( 'NONE',  ( 18.13827739345038381, -8.427911328026521431, -500.0000000000000000 ) ) ;
#574 = CARTESIAN_POINT ( 'NONE',  ( 83.05499585077542690, 3.328386375900617367, -500.0000000000000000 ) ) ;
#575 = CARTESIAN_POINT ( 'NONE',  ( 2.962633860748290715, 4.242636647532123995, -500.0000000000000000 ) ) ;
#576 = CARTESIAN_POINT ( 'NONE',  ( 10.50264980120924996, -7.151909920479473826, 500.0000000000000000 ) ) ;
#577 = CARTESIAN_POINT ( 'NONE',  ( 1.008213546643900616, 4.037148060609245803, 500.0000000000000000 ) ) ;
#578 = CARTESIAN_POINT ( 'NONE',  ( 99.65952867055224829, -1.097484471350323565, 500.0000000000000000 ) ) ;
#579 = CARTESIAN_POINT ( 'NONE',  ( 15.78254807442937313, -8.135677350475560843, 500.0000000000000000 ) ) ;
#580 = CARTESIAN_POINT ( 'NONE',  ( 99.09822642823458239, 0.1955227509720386947, 500.0000000000000000 ) ) ;
#581 = CARTESIAN_POINT ( 'NONE',  ( 1.989610153172516993, 3.538931254299437779, -500.0000000000000000 ) ) ;
#582 = CARTESIAN_POINT ( 'NONE',  ( 18.13827739345038381, -8.427911328026521431, 500.0000000000000000 ) ) ;
#583 = CARTESIAN_POINT ( 'NONE',  ( 20.59328630955254980, 9.681782490558642706, 500.0000000000000000 ) ) ;
#584 = ORIENTED_EDGE ( 'NONE', *, *, #1122, .T. ) ;
#585 = DATE_AND_TIME ( #895, #772 ) ;
#586 = CARTESIAN_POINT ( 'NONE',  ( 39.09669229095080567, -8.750575341000260465, 500.0000000000000000 ) ) ;
#587 = CARTESIAN_POINT ( 'NONE',  ( 94.53578214776949551, 1.150734906254530898, 500.0000000000000000 ) ) ;
#588 = CARTESIAN_POINT ( 'NONE',  ( 52.61588254115997643, -7.670911068850002401, -500.0000000000000000 ) ) ;
#589 = CARTESIAN_POINT ( 'NONE',  ( 81.86100036726783458, -3.537701396701470546, 500.0000000000000000 ) ) ;
#590 = CARTESIAN_POINT ( 'NONE',  ( 99.15303520383058355, 1.206683181204180721, 500.0000000000000000 ) ) ;
#591 = EDGE_LOOP ( 'NONE', ( #498, #492, #995, #287 ) ) ;
#592 = COORDINATED_UNIVERSAL_TIME_OFFSET ( 4, 0, .AHEAD. ) ;
#593 = CARTESIAN_POINT ( 'NONE',  ( 56.26498633661070414, -7.269531170022315081, -500.0000000000000000 ) ) ;
#594 = CARTESIAN_POINT ( 'NONE',  ( 21.90451174827789060, 8.753966484112543966, -500.0000000000000000 ) ) ;
#595 = CARTESIAN_POINT ( 'NONE',  ( 100.0816622018674451, 1.005785160812517010, 500.0000000000000000 ) ) ;
#596 = CARTESIAN_POINT ( 'NONE',  ( 83.19974279806140771, 4.338099743194852920, -500.0000000000000000 ) ) ;
#597 = CARTESIAN_POINT ( 'NONE',  ( -0.7966887533708449931, 1.385065890936990840, 500.0000000000000000 ) ) ;
#598 = ORIENTED_EDGE ( 'NONE', *, *, #449, .F. ) ;
#599 = DIRECTION ( 'NONE',  ( 0.000000000000000000, 0.000000000000000000, 1.000000000000000000 ) ) ;
#600 = CARTESIAN_POINT ( 'NONE',  ( 44.25820718950041055, -8.423607305226843422, -500.0000000000000000 ) ) ;
#601 = CARTESIAN_POINT ( 'NONE',  ( 33.06882993709523078, 8.971559956122785451, 500.0000000000000000 ) ) ;
#602 = CARTESIAN_POINT ( 'NONE',  ( 98.88839406098040286, 1.263485915186620678, -500.0000000000000000 ) ) ;
#603 = CARTESIAN_POINT ( 'NONE',  ( -0.2164500726406750342, 2.596725527447707904, -500.0000000000000000 ) ) ;
#604 = CARTESIAN_POINT ( 'NONE',  ( 14.04206618816799867, -8.888085025556499374, 500.0000000000000000 ) ) ;
#605 = CARTESIAN_POINT ( 'NONE',  ( 94.53578214776949551, 1.150734906254530898, 500.0000000000000000 ) ) ;
#606 = CALENDAR_DATE ( 2026, 2, 3 ) ;
#607 = CARTESIAN_POINT ( 'NONE',  ( -0.9987336524937023841, 0.3630433672196877182, -500.0000000000000000 ) ) ;
#608 = CARTESIAN_POINT ( 'NONE',  ( 30.14914243313585729, -9.003211283084661787, -500.0000000000000000 ) ) ;
#609 = CARTESIAN_POINT ( 'NONE',  ( 48.43038835509914009, 8.076569623578734536, 500.0000000000000000 ) ) ;
#610 = CARTESIAN_POINT ( 'NONE',  ( 100.2137149381804733, 0.9768960667330590653, -500.0000000000000000 ) ) ;
#611 = CARTESIAN_POINT ( 'NONE',  ( 44.51832872804976660, 9.436924318206573403, -500.0000000000000000 ) ) ;
#612 = LINE ( 'NONE', #114, #1183 ) ;
#613 = DIRECTION ( 'NONE',  ( -0.9768960667330578440, 0.2137149381804673287, 0.000000000000000000 ) ) ;
#614 = PERSON_AND_ORGANIZATION_ROLE ( 'classification_officer' ) ;
#615 = CARTESIAN_POINT ( 'NONE',  ( -0.9570359007434375842, 0.7113829501493633689, 500.0000000000000000 ) ) ;
#616 = CARTESIAN_POINT ( 'NONE',  ( 27.30779008153085030, 8.978843605748709322, -500.0000000000000000 ) ) ;
#617 = CARTESIAN_POINT ( 'NONE',  ( 59.36638033854318053, -6.900186356683823519, -500.0000000000000000 ) ) ;
#618 = CARTESIAN_POINT ( 'NONE',  ( 33.66452050096606996, 9.969749664166942082, -500.0000000000000000 ) ) ;
#619 = CARTESIAN_POINT ( 'NONE',  ( 10.79826260478706779, -8.258499139042564607, 500.0000000000000000 ) ) ;
#620 = CARTESIAN_POINT ( 'NONE',  ( 76.78283584658828431, 4.393820294226196133, 500.0000000000000000 ) ) ;
#621 = EDGE_CURVE ( 'NONE', #1003, #1204, #1276, .T. ) ;
#622 = CARTESIAN_POINT ( 'NONE',  ( -0.3881335281622025346, 2.314653850193157947, 500.0000000000000000 ) ) ;
#623 = CARTESIAN_POINT ( 'NONE',  ( 24.92723968499231546, -9.930760593782521184, -500.0000000000000000 ) ) ;
#624 = CARTESIAN_POINT ( 'NONE',  ( 65.44610873820366237, 6.104375293899282795, -500.0000000000000000 ) ) ;
#625 = CARTESIAN_POINT ( 'NONE',  ( 89.49496823229375764, -2.144721330546416116, -500.0000000000000000 ) ) ;
#626 = CARTESIAN_POINT ( 'NONE',  ( 78.92758403553243340, 5.071876746133368918, -500.0000000000000000 ) ) ;
#627 = CARTESIAN_POINT ( 'NONE',  ( 0.1321555952255765998, -3.114594898807556245, 500.0000000000000000 ) ) ;
#628 = DIRECTION ( 'NONE',  ( -0.2137149381804673287, -0.9768960667330578440, 0.000000000000000000 ) ) ;
#629 = CARTESIAN_POINT ( 'NONE',  ( 1.475608962200198659, 4.421311092464345727, 500.0000000000000000 ) ) ;
#630 = CARTESIAN_POINT ( 'NONE',  ( 40.15863985435940009, -9.740460623750466951, 500.0000000000000000 ) ) ;
#631 = CARTESIAN_POINT ( 'NONE',  ( 2.962633860748290715, 4.242636647532123995, -500.0000000000000000 ) ) ;
#632 = CARTESIAN_POINT ( 'NONE',  ( 78.92758403553243340, 5.071876746133368918, 500.0000000000000000 ) ) ;
#633 = CARTESIAN_POINT ( 'NONE',  ( 66.04979480498496969, -7.052114058288335485, -500.0000000000000000 ) ) ;
#634 = CARTESIAN_POINT ( 'NONE',  ( 95.87272167216539742, 0.8765270874038140203, -500.0000000000000000 ) ) ;
#635 = CARTESIAN_POINT ( 'NONE',  ( 54.70425983116079038, 7.445330297039135736, 500.0000000000000000 ) ) ;
#636 = CARTESIAN_POINT ( 'NONE',  ( 66.93165460784592824, -5.896604244596050037, 500.0000000000000000 ) ) ;
#637 = CARTESIAN_POINT ( 'NONE',  ( 2.439490575095987435, 5.105595539140323602, -500.0000000000000000 ) ) ;
#638 = CARTESIAN_POINT ( 'NONE',  ( 14.65475593578873337, 7.967321506751950722, 500.0000000000000000 ) ) ;
#639 = CARTESIAN_POINT ( 'NONE',  ( 66.07490329753348135, 7.048607246020971218, 500.0000000000000000 ) ) ;
#640 = DIRECTION ( 'NONE',  ( 0.2125741348116547136, -0.9771449417609837651, 0.000000000000000000 ) ) ;
#641 = CARTESIAN_POINT ( 'NONE',  ( 71.28229045300128064, 5.258940334623318336, -500.0000000000000000 ) ) ;
#642 = CARTESIAN_POINT ( 'NONE',  ( 15.78254807442940333, 8.135677350475564396, 500.0000000000000000 ) ) ;
#643 = CARTESIAN_POINT ( 'NONE',  ( 95.87272167214379692, -0.8765270873047464883, 500.0000000000000000 ) ) ;
#644 = CARTESIAN_POINT ( 'NONE',  ( 11.48469740207334233, 7.376485184842335840, -500.0000000000000000 ) ) ;
#645 = CARTESIAN_POINT ( 'NONE',  ( 33.66452050096606996, 9.969749664166942082, 500.0000000000000000 ) ) ;
#646 = PRODUCT_DEFINITION_FORMATION_WITH_SPECIFIED_SOURCE ( 'ANY', '', #1065, .NOT_KNOWN. ) ;
#647 = CARTESIAN_POINT ( 'NONE',  ( 99.12873086609425854, -1.212200224678565474, -500.0000000000000000 ) ) ;
#648 = CARTESIAN_POINT ( 'NONE',  ( 37.56982581741687710, 8.824539743451827789, -500.0000000000000000 ) ) ;
#649 = CARTESIAN_POINT ( 'NONE',  ( 9.559569886992017373, 6.913934329567124948, 500.0000000000000000 ) ) ;
#650 = CARTESIAN_POINT ( 'NONE',  ( 83.05499585077545532, -3.328386375900614702, -500.0000000000000000 ) ) ;
#651 = CARTESIAN_POINT ( 'NONE',  ( 5.459011505767950467, 5.538887406617213571, 500.0000000000000000 ) ) ;
#652 = CARTESIAN_POINT ( 'NONE',  ( 100.0000000000000000, 0.000000000000000000, -500.0000000000000000 ) ) ;
#653 = CARTESIAN_POINT ( 'NONE',  ( 75.44400919754154700, 4.610362855798521231, -500.0000000000000000 ) ) ;
#654 = CARTESIAN_POINT ( 'NONE',  ( 16.94411706578068788, 8.289126077134454817, 500.0000000000000000 ) ) ;
#655 = CARTESIAN_POINT ( 'NONE',  ( 87.49346223342577389, -2.522693879794823069, 500.0000000000000000 ) ) ;
#656 = CARTESIAN_POINT ( 'NONE',  ( 4.767521285062196412, 5.229789408013593821, -500.0000000000000000 ) ) ;
#657 = CARTESIAN_POINT ( 'NONE',  ( 40.15863985435940009, -9.740460623750466951, -500.0000000000000000 ) ) ;
#658 = CARTESIAN_POINT ( 'NONE',  ( 34.55441208615609128, 8.935438793399198332, -500.0000000000000000 ) ) ;
#659 = CARTESIAN_POINT ( 'NONE',  ( 28.71797100207374953, 8.998172760352424859, 500.0000000000000000 ) ) ;
#660 = CARTESIAN_POINT ( 'NONE',  ( 97.02859165316066026, -0.6356111863492417413, -500.0000000000000000 ) ) ;
#661 = CC_DESIGN_PERSON_AND_ORGANIZATION_ASSIGNMENT ( #295, #902, ( #646 ) ) ;
#662 = CARTESIAN_POINT ( 'NONE',  ( 89.56817017573955297, -3.153698263926551171, -500.0000000000000000 ) ) ;
#663 = CARTESIAN_POINT ( 'NONE',  ( 2.452740648271219737, -3.895097683277725764, -500.0000000000000000 ) ) ;
#664 = VECTOR ( 'NONE', #640, 1000.000000000000227 ) ;
#665 = CARTESIAN_POINT ( 'NONE',  ( 71.28229045300128064, 5.258940334623318336, -500.0000000000000000 ) ) ;
#666 = CC_DESIGN_SECURITY_CLASSIFICATION ( #1313, ( #646 ) ) ;
#667 = CARTESIAN_POINT ( 'NONE',  ( 10.50264980120923752, 7.151909920479472049, -500.0000000000000000 ) ) ;
#668 = CARTESIAN_POINT ( 'NONE',  ( 2.452740648271219293, 3.895097683277724432, 500.0000000000000000 ) ) ;
#669 = CARTESIAN_POINT ( 'NONE',  ( 99.09822650174635328, -0.1955230880656631254, -500.0000000000000000 ) ) ;
#670 =( LENGTH_UNIT ( ) NAMED_UNIT ( * ) SI_UNIT ( .MILLI., .METRE. ) );
#671 = CARTESIAN_POINT ( 'NONE',  ( 7.793805397449239614, -6.399798301592714012, 500.0000000000000000 ) ) ;
#672 = APPROVAL ( #499, 'UNSPECIFIED' ) ;
#673 = CARTESIAN_POINT ( 'NONE',  ( 79.37992168110686464, 3.962876278162673849, 500.0000000000000000 ) ) ;
#674 = CARTESIAN_POINT ( 'NONE',  ( 1.205352729367016984, -2.802269208987352656, -500.0000000000000000 ) ) ;
#675 = CARTESIAN_POINT ( 'NONE',  ( 69.85119229305965405, -5.473263620374393845, 500.0000000000000000 ) ) ;
#676 = DIRECTION ( 'NONE',  ( 0.000000000000000000, 0.000000000000000000, -1.000000000000000000 ) ) ;
#677 = VERTEX_POINT ( 'NONE', #17 ) ;
#678 = CARTESIAN_POINT ( 'NONE',  ( 70.34064045171629687, -6.430395471490895964, -500.0000000000000000 ) ) ;
#679 = CARTESIAN_POINT ( 'NONE',  ( 11.48469740207333345, -7.376485184842333176, 500.0000000000000000 ) ) ;
#680 = CARTESIAN_POINT ( 'NONE',  ( 84.58103156856245164, 3.056872080568939776, -500.0000000000000000 ) ) ;
#681 = CARTESIAN_POINT ( 'NONE',  ( 2.452740648271219737, -3.895097683277725764, -500.0000000000000000 ) ) ;
#682 = CARTESIAN_POINT ( 'NONE',  ( 88.51323916861028351, -2.331223182878306766, 500.0000000000000000 ) ) ;
#683 = CARTESIAN_POINT ( 'NONE',  ( 100.2137149381804733, 0.9768960667330590653, 500.0000000000000000 ) ) ;
#684 = CARTESIAN_POINT ( 'NONE',  ( 100.1878741348117074, -0.9825449417609755098, -500.0000000000000000 ) ) ;
#685 = CARTESIAN_POINT ( 'NONE',  ( 7.793805397449239614, -6.399798301592714012, -500.0000000000000000 ) ) ;
#686 = CARTESIAN_POINT ( 'NONE',  ( 72.69239761540512745, 5.043443029917863640, -500.0000000000000000 ) ) ;
#687 = CARTESIAN_POINT ( 'NONE',  ( 18.13827739345038381, -8.427911328026521431, -500.0000000000000000 ) ) ;
#688 = CARTESIAN_POINT ( 'NONE',  ( 19.36387245020366166, -8.551622756728281871, 500.0000000000000000 ) ) ;
#689 = CARTESIAN_POINT ( 'NONE',  ( 53.16335300485650350, 8.646995090546017337, 500.0000000000000000 ) ) ;
#690 = COORDINATED_UNIVERSAL_TIME_OFFSET ( 4, 0, .AHEAD. ) ;
#691 = CARTESIAN_POINT ( 'NONE',  ( 0.6129239413752725074, -2.035248348719222555, -500.0000000000000000 ) ) ;
#692 = CARTESIAN_POINT ( 'NONE',  ( 81.86100036726789142, 3.537701396701468770, 500.0000000000000000 ) ) ;
#693 = CARTESIAN_POINT ( 'NONE',  ( 44.25820718950041055, -8.423607305226843422, -500.0000000000000000 ) ) ;
#694 = CARTESIAN_POINT ( 'NONE',  ( 75.44400919754158963, -4.610362855798520343, 500.0000000000000000 ) ) ;
#695 = CARTESIAN_POINT ( 'NONE',  ( 44.51832872804976660, 9.436924318206573403, 500.0000000000000000 ) ) ;
#696 = CARTESIAN_POINT ( 'NONE',  ( 46.34197557326256600, -8.259268456330696395, 500.0000000000000000 ) ) ;
#697 = CARTESIAN_POINT ( 'NONE',  ( 63.94532931377018770, 6.309291610586761578, 500.0000000000000000 ) ) ;
#698 = CARTESIAN_POINT ( 'NONE',  ( 48.43038835509915430, -8.076569623578734536, -500.0000000000000000 ) ) ;
#699 = CARTESIAN_POINT ( 'NONE',  ( 42.18117208829819731, -8.567727671100376696, 500.0000000000000000 ) ) ;
#700 = CARTESIAN_POINT ( 'NONE',  ( 94.90924572549694460, 2.096416836946373152, 500.0000000000000000 ) ) ;
#701 = SHAPE_DEFINITION_REPRESENTATION ( #965, #971 ) ;
#702 = CARTESIAN_POINT ( 'NONE',  ( 30.14914243313585729, -9.003211283084661787, 500.0000000000000000 ) ) ;
#703 = CARTESIAN_POINT ( 'NONE',  ( 50.52390703134268790, 7.881822859537479076, -500.0000000000000000 ) ) ;
#704 = CARTESIAN_POINT ( 'NONE',  ( 71.28229045300128064, -5.258940334623322777, -500.0000000000000000 ) ) ;
#705 = CARTESIAN_POINT ( 'NONE',  ( 0.3651900463071551250, 3.362553658231119957, -500.0000000000000000 ) ) ;
#706 = CARTESIAN_POINT ( 'NONE',  ( 95.94675874419657191, -1.883847193561575928, 500.0000000000000000 ) ) ;
#707 = DIRECTION ( 'NONE',  ( -0.9771449417609838761, -0.2125741348116547413, 0.000000000000000000 ) ) ;
#708 = CARTESIAN_POINT ( 'NONE',  ( 0.1321555952255765998, -3.114594898807556245, 500.0000000000000000 ) ) ;
#709 = CARTESIAN_POINT ( 'NONE',  ( 36.05525741217855540, -8.886362424186275533, -500.0000000000000000 ) ) ;
#710 = CARTESIAN_POINT ( 'NONE',  ( 44.25820718950040344, 8.423607305226846975, 500.0000000000000000 ) ) ;
#711 = CARTESIAN_POINT ( 'NONE',  ( 99.68397334180811242, 1.091972391227236328, 500.0000000000000000 ) ) ;
#712 = CARTESIAN_POINT ( 'NONE',  ( 99.97530000000001849, -0.005400000000000001153, 500.0000000000000000 ) ) ;
#713 = CARTESIAN_POINT ( 'NONE',  ( 44.49301355815156711, -9.438856860695237216, 500.0000000000000000 ) ) ;
#714 = CARTESIAN_POINT ( 'NONE',  ( 57.81954803167191415, 7.087635715863013885, 500.0000000000000000 ) ) ;
#715 = PERSON_AND_ORGANIZATION ( #1232, #40 ) ;
#716 = CARTESIAN_POINT ( 'NONE',  ( -0.6785644687191026980, 1.708989646375310478, 500.0000000000000000 ) ) ;
#717 = CARTESIAN_POINT ( 'NONE',  ( 53.13813749941431297, -8.649677513090598069, -500.0000000000000000 ) ) ;
#718 = CARTESIAN_POINT ( 'NONE',  ( 63.94532931377015927, -6.309291610586760690, -500.0000000000000000 ) ) ;
#719 = CARTESIAN_POINT ( 'NONE',  ( 34.55441208615609128, 8.935438793399198332, -500.0000000000000000 ) ) ;
#720 = CARTESIAN_POINT ( 'NONE',  ( 74.08006600230343963, -4.826934963134947409, -500.0000000000000000 ) ) ;
#721 = CARTESIAN_POINT ( 'NONE',  ( 97.53724281334613977, -0.5286272178644280118, 500.0000000000000000 ) ) ;
#722 = CARTESIAN_POINT ( 'NONE',  ( 97.99894507717698389, 0.4307120878653462603, -500.0000000000000000 ) ) ;
#723 = CARTESIAN_POINT ( 'NONE',  ( 99.76171298795441089, 0.05189309977109106409, 500.0000000000000000 ) ) ;
#724 = CARTESIAN_POINT ( 'NONE',  ( -0.7966887533708449931, 1.385065890936990840, 500.0000000000000000 ) ) ;
#725 = CARTESIAN_POINT ( 'NONE',  ( 18.38818383650658461, -9.488465148367515312, 500.0000000000000000 ) ) ;
#726 = CARTESIAN_POINT ( 'NONE',  ( 46.34197557326257311, 8.259268456330698172, -500.0000000000000000 ) ) ;
#727 = CARTESIAN_POINT ( 'NONE',  ( 95.22659961917632643, -1.009781387074437209, -500.0000000000000000 ) ) ;
#728 = CARTESIAN_POINT ( 'NONE',  ( 96.47360283097444267, -0.7518599246006546499, 500.0000000000000000 ) ) ;
#729 = CARTESIAN_POINT ( 'NONE',  ( 99.12873086609425854, -1.212200224678565474, 500.0000000000000000 ) ) ;
#730 = PLANE ( 'NONE',  #472 ) ;
#731 = CARTESIAN_POINT ( 'NONE',  ( 11.90280086428483841, 8.494269520728357392, 500.0000000000000000 ) ) ;
#732 = CARTESIAN_POINT ( 'NONE',  ( 2.452740648271219293, 3.895097683277724432, 500.0000000000000000 ) ) ;
#733 = FACE_OUTER_BOUND ( 'NONE', #186, .T. ) ;
#734 = CARTESIAN_POINT ( 'NONE',  ( 57.44867630964440508, -8.160989049440882326, -500.0000000000000000 ) ) ;
#735 = CARTESIAN_POINT ( 'NONE',  ( 96.47360283090222310, 0.7518599242696153429, -500.0000000000000000 ) ) ;
#736 = CARTESIAN_POINT ( 'NONE',  ( 97.99894507717698389, 0.4307120878653462603, 500.0000000000000000 ) ) ;
#737 = CARTESIAN_POINT ( 'NONE',  ( -0.9570359007434375842, 0.7113829501493633689, -500.0000000000000000 ) ) ;
#738 = CARTESIAN_POINT ( 'NONE',  ( 8.652108718249342800, -7.713630993029974015, 500.0000000000000000 ) ) ;
#739 = CARTESIAN_POINT ( 'NONE',  ( 19.36387245020366166, 8.551622756728280095, -500.0000000000000000 ) ) ;
#740 = CARTESIAN_POINT ( 'NONE',  ( 78.92758403553243340, 5.071876746133368918, -500.0000000000000000 ) ) ;
#741 = CARTESIAN_POINT ( 'NONE',  ( 7.584787698897296870, -7.400007582626495051, -500.0000000000000000 ) ) ;
#742 = CARTESIAN_POINT ( 'NONE',  ( 15.78254807442940333, 8.135677350475564396, -500.0000000000000000 ) ) ;
#743 = CARTESIAN_POINT ( 'NONE',  ( 20.61967126910492354, 8.660455926991621922, 500.0000000000000000 ) ) ;
#744 = CARTESIAN_POINT ( 'NONE',  ( 28.71797100207377795, -8.998172760352430188, -500.0000000000000000 ) ) ;
#745 = CARTESIAN_POINT ( 'NONE',  ( 1.205352729367004105, 2.802269208987338889, 500.0000000000000000 ) ) ;
#746 = CARTESIAN_POINT ( 'NONE',  ( 40.18400627303136474, 9.738968799440122837, 500.0000000000000000 ) ) ;
#747 = CARTESIAN_POINT ( 'NONE',  ( 8.652108718249342800, -7.713630993029974015, -500.0000000000000000 ) ) ;
#748 = CARTESIAN_POINT ( 'NONE',  ( 16.94411706578068788, 8.289126077134454817, -500.0000000000000000 ) ) ;
#749 = CARTESIAN_POINT ( 'NONE',  ( 48.43038835509914009, 8.076569623578734536, 500.0000000000000000 ) ) ;
#750 = CARTESIAN_POINT ( 'NONE',  ( 93.80103744093295859, -1.299515209507018820, -500.0000000000000000 ) ) ;
#751 = CARTESIAN_POINT ( 'NONE',  ( 6.194404009452697757, 5.837196288321082172, -500.0000000000000000 ) ) ;
#752 = CARTESIAN_POINT ( 'NONE',  ( 98.06814473390936371, -1.438612683185864327, -500.0000000000000000 ) ) ;
#753 = CARTESIAN_POINT ( 'NONE',  ( 76.78283584658828431, 4.393820294226196133, -500.0000000000000000 ) ) ;
#754 = CARTESIAN_POINT ( 'NONE',  ( 0.8848210161336911295, -2.422552461610714580, 500.0000000000000000 ) ) ;
#755 = CARTESIAN_POINT ( 'NONE',  ( 78.09521448406226796, -4.177760938659233148, -500.0000000000000000 ) ) ;
#756 = CARTESIAN_POINT ( 'NONE',  ( 97.53802338349802881, -1.550595893608866405, -500.0000000000000000 ) ) ;
#757 = CARTESIAN_POINT ( 'NONE',  ( 0.6129239413752671783, 2.035248348719215006, -500.0000000000000000 ) ) ;
#758 = CARTESIAN_POINT ( 'NONE',  ( 20.56781296956937766, -9.679795418485019454, -500.0000000000000000 ) ) ;
#759 = CARTESIAN_POINT ( 'NONE',  ( 62.43080829726302738, 6.510563397417204357, -500.0000000000000000 ) ) ;
#760 = CARTESIAN_POINT ( 'NONE',  ( 46.34197557326257311, 8.259268456330698172, 500.0000000000000000 ) ) ;
#761 = CARTESIAN_POINT ( 'NONE',  ( 80.63557316865765756, -3.749327170183463398, 500.0000000000000000 ) ) ;
#762 = CARTESIAN_POINT ( 'NONE',  ( 94.88441243235845945, -2.101479880069863526, 500.0000000000000000 ) ) ;
#763 = CARTESIAN_POINT ( 'NONE',  ( 10.50264980120924996, -7.151909920479473826, 500.0000000000000000 ) ) ;
#764 = CARTESIAN_POINT ( 'NONE',  ( 87.49346223342580231, 2.522693879794823069, 500.0000000000000000 ) ) ;
#765 = CARTESIAN_POINT ( 'NONE',  ( 44.25820718950040344, 8.423607305226846975, -500.0000000000000000 ) ) ;
#766 = CARTESIAN_POINT ( 'NONE',  ( -0.008207965190541595749, 9.150283182314958353E-15, 500.0000000000000000 ) ) ;
#767 = CARTESIAN_POINT ( 'NONE',  ( 98.41327901651223442, -0.3424805983704849455, -500.0000000000000000 ) ) ;
#768 =( NAMED_UNIT ( * ) PLANE_ANGLE_UNIT ( ) SI_UNIT ( $, .RADIAN. ) );
#769 = CARTESIAN_POINT ( 'NONE',  ( 6.194404009452703086, -5.837196288321083060, 500.0000000000000000 ) ) ;
#770 = APPLICATION_CONTEXT ( 'configuration controlled 3d designs of mechanical parts and assemblies' ) ;
#771 = CARTESIAN_POINT ( 'NONE',  ( 87.49346223342580231, 2.522693879794823069, -500.0000000000000000 ) ) ;
#772 = LOCAL_TIME ( 16, 1, 8.000000000000000000, #1028 ) ;
#773 = CARTESIAN_POINT ( 'NONE',  ( 0.6129239413752725074, -2.035248348719222555, -500.0000000000000000 ) ) ;
#774 = CARTESIAN_POINT ( 'NONE',  ( 71.28229045300128064, -5.258940334623322777, 500.0000000000000000 ) ) ;
#775 = CARTESIAN_POINT ( 'NONE',  ( -0.9999710710012232884, 0.01621721386555323441, -500.0000000000000000 ) ) ;
#776 = CARTESIAN_POINT ( 'NONE',  ( 1.205352729367016984, -2.802269208987352656, -500.0000000000000000 ) ) ;
#777 = CARTESIAN_POINT ( 'NONE',  ( 97.02859165339935998, 0.6356111874437201381, 500.0000000000000000 ) ) ;
#778 = CARTESIAN_POINT ( 'NONE',  ( 0.2155775169912740874, 1.239735350305372741, -500.0000000000000000 ) ) ;
#779 = CARTESIAN_POINT ( 'NONE',  ( 60.90396510598633739, -6.707571456946700650, 500.0000000000000000 ) ) ;
#780 = PLANE ( 'NONE',  #252 ) ;
#781 = ADVANCED_FACE ( 'NONE', ( #348 ), #373, .F. ) ;
#782 = VERTEX_POINT ( 'NONE', #1269 ) ;
#783 = CARTESIAN_POINT ( 'NONE',  ( 8.656307912618128597, -6.663195981500074971, 500.0000000000000000 ) ) ;
#784 = CARTESIAN_POINT ( 'NONE',  ( 76.78283584658828431, 4.393820294226196133, -500.0000000000000000 ) ) ;
#785 = CARTESIAN_POINT ( 'NONE',  ( 36.05525741217855540, -8.886362424186275533, -500.0000000000000000 ) ) ;
#786 = CARTESIAN_POINT ( 'NONE',  ( 63.94532931377015927, -6.309291610586760690, 500.0000000000000000 ) ) ;
#787 = CARTESIAN_POINT ( 'NONE',  ( 99.94738165609238933, 1.034844213120841516, 500.0000000000000000 ) ) ;
#788 = CARTESIAN_POINT ( 'NONE',  ( 4.767521285062192860, -5.229789408013592933, -500.0000000000000000 ) ) ;
#789 = CARTESIAN_POINT ( 'NONE',  ( 86.06102034705868675, 2.788088425319392716, 500.0000000000000000 ) ) ;
#790 = CARTESIAN_POINT ( 'NONE',  ( 34.55441208615608417, -8.935438793399198332, -500.0000000000000000 ) ) ;
#791 = CLOSED_SHELL ( 'NONE', ( #1284, #181, #781, #25, #899, #943 ) ) ;
#792 = CARTESIAN_POINT ( 'NONE',  ( 48.43038835509915430, -8.076569623578734536, 500.0000000000000000 ) ) ;
#793 = CARTESIAN_POINT ( 'NONE',  ( 2.439490575095987435, 5.105595539140323602, 500.0000000000000000 ) ) ;
#794 = COORDINATED_UNIVERSAL_TIME_OFFSET ( 4, 0, .AHEAD. ) ;
#795 = CARTESIAN_POINT ( 'NONE',  ( 33.06882993709525209, -8.971559956122789004, 500.0000000000000000 ) ) ;
#796 = CARTESIAN_POINT ( 'NONE',  ( 23.21702688637230239, 8.832588102005717090, 500.0000000000000000 ) ) ;
#797 = CARTESIAN_POINT ( 'NONE',  ( 10.50264980120924996, -7.151909920479473826, -500.0000000000000000 ) ) ;
#798 = CARTESIAN_POINT ( 'NONE',  ( 11.48469740207333345, -7.376485184842333176, 500.0000000000000000 ) ) ;
#799 = CARTESIAN_POINT ( 'NONE',  ( 91.72121631436974099, 2.737693292401147005, 500.0000000000000000 ) ) ;
#800 = APPROVAL ( #996, 'UNSPECIFIED' ) ;
#801 = EDGE_LOOP ( 'NONE', ( #69, #1087, #1216, #1197 ) ) ;
#802 = DATE_AND_TIME ( #1014, #1010 ) ;
#803 = CARTESIAN_POINT ( 'NONE',  ( 65.44610873820369079, -6.104375293899281907, -500.0000000000000000 ) ) ;
#804 = CARTESIAN_POINT ( 'NONE',  ( 62.43080829726302738, 6.510563397417204357, 500.0000000000000000 ) ) ;
#805 = CARTESIAN_POINT ( 'NONE',  ( 99.94738165609238933, 1.034844213120841516, 500.0000000000000000 ) ) ;
#806 = CARTESIAN_POINT ( 'NONE',  ( 2.937403732794450217, 5.405712823000533795, -500.0000000000000000 ) ) ;
#807 = CARTESIAN_POINT ( 'NONE',  ( 94.88441243235845945, -2.101479880069863526, 500.0000000000000000 ) ) ;
#808 = ORIENTED_EDGE ( 'NONE', *, *, #621, .F. ) ;
#809 = PERSON_AND_ORGANIZATION_ROLE ( 'design_owner' ) ;
#810 = CARTESIAN_POINT ( 'NONE',  ( -0.7966887533708449931, 1.385065890936990840, -500.0000000000000000 ) ) ;
#811 = CARTESIAN_POINT ( 'NONE',  ( 31.59990693805332640, -8.994310203447035690, 500.0000000000000000 ) ) ;
#812 = CARTESIAN_POINT ( 'NONE',  ( 56.26498633661069704, 7.269531170022317745, -500.0000000000000000 ) ) ;
#813 = CARTESIAN_POINT ( 'NONE',  ( 72.69239761540512745, -5.043443029917860976, -500.0000000000000000 ) ) ;
#814 = CARTESIAN_POINT ( 'NONE',  ( 99.94738165609238933, 1.034844213120841516, -500.0000000000000000 ) ) ;
#815 = CARTESIAN_POINT ( 'NONE',  ( 99.99176691668122885, 0.001801146460126149635, -500.0000000000000000 ) ) ;
#816 = CARTESIAN_POINT ( 'NONE',  ( 65.44610873820366237, 6.104375293899282795, 500.0000000000000000 ) ) ;
#817 = PERSON_AND_ORGANIZATION ( #1232, #40 ) ;
#818 = CARTESIAN_POINT ( 'NONE',  ( 8.677093084275419699, 7.720651270806244248, -500.0000000000000000 ) ) ;
#819 = CARTESIAN_POINT ( 'NONE',  ( 20.56781296956937766, -9.679795418485019454, -500.0000000000000000 ) ) ;
#820 = CARTESIAN_POINT ( 'NONE',  ( 57.81954803167191415, -7.087635715863017438, 500.0000000000000000 ) ) ;
#821 = CARTESIAN_POINT ( 'NONE',  ( 37.56982581741687710, 8.824539743451827789, 500.0000000000000000 ) ) ;
#822 = CARTESIAN_POINT ( 'NONE',  ( 98.41327901651223442, -0.3424805983704849455, -500.0000000000000000 ) ) ;
#823 = CARTESIAN_POINT ( 'NONE',  ( 27.13288536127510397, 9.990080626611211656, -500.0000000000000000 ) ) ;
#824 = CARTESIAN_POINT ( 'NONE',  ( 100.1878741348116648, -0.9825449417609850578, -500.0000000000000000 ) ) ;
#825 = CARTESIAN_POINT ( 'NONE',  ( 99.58939596418284168, 0.08921474585206141950, 500.0000000000000000 ) ) ;
#826 = EDGE_CURVE ( 'NONE', #1003, #1318, #237, .T. ) ;
#827 = CARTESIAN_POINT ( 'NONE',  ( 2.416422564728475830, -5.090889306946485782, 500.0000000000000000 ) ) ;
#828 = CARTESIAN_POINT ( 'NONE',  ( 69.85119229305969668, 5.473263620374399174, -500.0000000000000000 ) ) ;
#829 = CARTESIAN_POINT ( 'NONE',  ( 60.90396510598633739, -6.707571456946700650, -500.0000000000000000 ) ) ;
#830 = CARTESIAN_POINT ( 'NONE',  ( 100.2137149381804733, 0.9768960667330590653, -500.0000000000000000 ) ) ;
#831 = CARTESIAN_POINT ( 'NONE',  ( 98.06814473390936371, -1.438612683185864327, 500.0000000000000000 ) ) ;
#832 = ORIENTED_EDGE ( 'NONE', *, *, #1044, .T. ) ;
#833 = CARTESIAN_POINT ( 'NONE',  ( 2.914013489530362655, -5.392062151190129882, 500.0000000000000000 ) ) ;
#834 = CARTESIAN_POINT ( 'NONE',  ( 6.972888585422584384, 6.124365591744857618, -500.0000000000000000 ) ) ;
#835 = CARTESIAN_POINT ( 'NONE',  ( 97.53724281334613977, -0.5286272178644280118, -500.0000000000000000 ) ) ;
#836 = CARTESIAN_POINT ( 'NONE',  ( 95.22659961917632643, -1.009781387074437209, 500.0000000000000000 ) ) ;
#837 = CARTESIAN_POINT ( 'NONE',  ( 99.88489674874826107, 0.02505175267557687574, -500.0000000000000000 ) ) ;
#838 = CARTESIAN_POINT ( 'NONE',  ( 95.87272167216539742, 0.8765270874038140203, 500.0000000000000000 ) ) ;
#839 = AXIS2_PLACEMENT_3D ( 'NONE', #775, #676, #63 ) ;
#840 = CARTESIAN_POINT ( 'NONE',  ( 4.455831738324709690, 6.222711889047742417, 500.0000000000000000 ) ) ;
#841 = CARTESIAN_POINT ( 'NONE',  ( 5.475086882524312415, -6.647768688334258158, -500.0000000000000000 ) ) ;
#842 = CARTESIAN_POINT ( 'NONE',  ( 0.09112321900289119259, -0.8319346391197373070, -500.0000000000000000 ) ) ;
#843 = CARTESIAN_POINT ( 'NONE',  ( 70.36568330730695209, 6.426653496976647340, -500.0000000000000000 ) ) ;
#844 = CARTESIAN_POINT ( 'NONE',  ( 24.92723968499231546, -9.930760593782521184, -500.0000000000000000 ) ) ;
#845 = CARTESIAN_POINT ( 'NONE',  ( 56.26498633661069704, 7.269531170022317745, -500.0000000000000000 ) ) ;
#846 = CARTESIAN_POINT ( 'NONE',  ( 1.989610153172516993, 3.538931254299437779, 500.0000000000000000 ) ) ;
#847 = CARTESIAN_POINT ( 'NONE',  ( 75.44400919754158963, -4.610362855798520343, 500.0000000000000000 ) ) ;
#848 = CARTESIAN_POINT ( 'NONE',  ( 53.13813749941431297, -8.649677513090598069, 500.0000000000000000 ) ) ;
#849 = MANIFOLD_SOLID_BREP ( 'Extrude-Thin1', #791 ) ;
#850 = CARTESIAN_POINT ( 'NONE',  ( 16.94411706578068788, 8.289126077134454817, 500.0000000000000000 ) ) ;
#851 = CARTESIAN_POINT ( 'NONE',  ( 95.97165282349195081, 1.878695389338578048, 500.0000000000000000 ) ) ;
#852 = CARTESIAN_POINT ( 'NONE',  ( 0.9868779121964075252, -4.018088860626034098, -500.0000000000000000 ) ) ;
#853 = CARTESIAN_POINT ( 'NONE',  ( 4.120528549498130744, 4.910449053331016778, -500.0000000000000000 ) ) ;
#854 = CARTESIAN_POINT ( 'NONE',  ( 13.56180978638457368, 7.784508229410396218, 500.0000000000000000 ) ) ;
#855 = CARTESIAN_POINT ( 'NONE',  ( 99.88489989835657923, -0.02506619543575338074, 500.0000000000000000 ) ) ;
#856 = CARTESIAN_POINT ( 'NONE',  ( 0.8848210161337020097, 2.422552461610728347, 500.0000000000000000 ) ) ;
#857 = CARTESIAN_POINT ( 'NONE',  ( 18.38818383650658461, -9.488465148367515312, -500.0000000000000000 ) ) ;
#858 = CARTESIAN_POINT ( 'NONE',  ( 8.656307912618126821, 6.663195981500074971, -500.0000000000000000 ) ) ;
#859 = CARTESIAN_POINT ( 'NONE',  ( 1.205352729367004105, 2.802269208987338889, 500.0000000000000000 ) ) ;
#860 = CARTESIAN_POINT ( 'NONE',  ( 91.61436153441162844, -1.734713231323176563, -500.0000000000000000 ) ) ;
#861 = CARTESIAN_POINT ( 'NONE',  ( 1.573569751239600079, 3.174653887852156409, -500.0000000000000000 ) ) ;
#862 = CARTESIAN_POINT ( 'NONE',  ( 78.90258224619833527, -5.076052208556724565, -500.0000000000000000 ) ) ;
#863 = CARTESIAN_POINT ( 'NONE',  ( 78.09521448406226796, 4.177760938659232259, -500.0000000000000000 ) ) ;
#864 = CARTESIAN_POINT ( 'NONE',  ( 40.63431717833469037, 8.664784610993297775, 500.0000000000000000 ) ) ;
#865 = CARTESIAN_POINT ( 'NONE',  ( 99.95063322389998461, -0.01076616254555694263, -500.0000000000000000 ) ) ;
#866 = CARTESIAN_POINT ( 'NONE',  ( 3.518751128541204309, -4.581216229304377663, -500.0000000000000000 ) ) ;
#867 = CARTESIAN_POINT ( 'NONE',  ( -0.9620522846238168668, -0.6792106599401633860, -500.0000000000000000 ) ) ;
#868 = CARTESIAN_POINT ( 'NONE',  ( 11.48469740207334233, 7.376485184842335840, -500.0000000000000000 ) ) ;
#869 = CARTESIAN_POINT ( 'NONE',  ( 4.120528549498130744, 4.910449053331016778, 500.0000000000000000 ) ) ;
#870 = CARTESIAN_POINT ( 'NONE',  ( 94.53578214776757704, -1.150734906245889588, 500.0000000000000000 ) ) ;
#871 = CARTESIAN_POINT ( 'NONE',  ( 0.8848210161336911295, -2.422552461610714580, -500.0000000000000000 ) ) ;
#872 = CARTESIAN_POINT ( 'NONE',  ( 95.87272167216539742, 0.8765270874038140203, -500.0000000000000000 ) ) ;
#873 = CARTESIAN_POINT ( 'NONE',  ( 0.09112321900289296894, 0.8319346391197468549, -500.0000000000000000 ) ) ;
#874 = CARTESIAN_POINT ( 'NONE',  ( 54.70425983116079038, -7.445330297039139289, 500.0000000000000000 ) ) ;
#875 = CARTESIAN_POINT ( 'NONE',  ( 78.09521448406226796, -4.177760938659233148, 500.0000000000000000 ) ) ;
#876 = CARTESIAN_POINT ( 'NONE',  ( 19.36387245020366166, -8.551622756728281871, -500.0000000000000000 ) ) ;
#877 = CARTESIAN_POINT ( 'NONE',  ( 99.76171298795441089, 0.05189309977109106409, 500.0000000000000000 ) ) ;
#878 = LOCAL_TIME ( 16, 1, 8.000000000000000000, #690 ) ;
#879 = CARTESIAN_POINT ( 'NONE',  ( 40.63431717833469747, -8.664784610993290670, -500.0000000000000000 ) ) ;
#880 = CARTESIAN_POINT ( 'NONE',  ( 92.73584008240371190, -1.513177603323121234, 500.0000000000000000 ) ) ;
#881 = CARTESIAN_POINT ( 'NONE',  ( -0.9570359007434375842, 0.7113829501493633689, 500.0000000000000000 ) ) ;
#882 = ORIENTED_EDGE ( 'NONE', *, *, #1044, .F. ) ;
#883 = CARTESIAN_POINT ( 'NONE',  ( 98.06814473390936371, -1.438612683185864327, -500.0000000000000000 ) ) ;
#884 = CARTESIAN_POINT ( 'NONE',  ( 5.459011505767950467, -5.538887406617213571, -500.0000000000000000 ) ) ;
#885 = CARTESIAN_POINT ( 'NONE',  ( 78.09521448406226796, 4.177760938659232259, -500.0000000000000000 ) ) ;
#886 = CARTESIAN_POINT ( 'NONE',  ( 1.205352729367004105, 2.802269208987338889, -500.0000000000000000 ) ) ;
#887 = CARTESIAN_POINT ( 'NONE',  ( 40.63431717833469747, -8.664784610993290670, 500.0000000000000000 ) ) ;
#888 = CARTESIAN_POINT ( 'NONE',  ( 57.47384140538547825, 8.158012908776544947, 500.0000000000000000 ) ) ;
#889 = CARTESIAN_POINT ( 'NONE',  ( 78.90258224619833527, -5.076052208556724565, 500.0000000000000000 ) ) ;
#890 = CARTESIAN_POINT ( 'NONE',  ( 14.65475593578875468, -7.967321506751954274, -500.0000000000000000 ) ) ;
#891 = CARTESIAN_POINT ( 'NONE',  ( 96.47360283090222310, 0.7518599242696153429, -500.0000000000000000 ) ) ;
#892 = CARTESIAN_POINT ( 'NONE',  ( 30.14914243313585729, -9.003211283084661787, -500.0000000000000000 ) ) ;
#893 = CARTESIAN_POINT ( 'NONE',  ( 66.93165460784592824, -5.896604244596050037, 500.0000000000000000 ) ) ;
#894 = CARTESIAN_POINT ( 'NONE',  ( -0.9987336524937023841, 0.3630433672196877182, 500.0000000000000000 ) ) ;
#895 = CALENDAR_DATE ( 2026, 2, 3 ) ;
#896 = CARTESIAN_POINT ( 'NONE',  ( 65.44610873820369079, -6.104375293899281907, 500.0000000000000000 ) ) ;
#897 = CARTESIAN_POINT ( 'NONE',  ( 75.44400919754154700, 4.610362855798521231, 500.0000000000000000 ) ) ;
#898 = CARTESIAN_POINT ( 'NONE',  ( 27.30779008153082543, -8.978843605748705770, -500.0000000000000000 ) ) ;
#899 = ADVANCED_FACE ( 'NONE', ( #266 ), #1310, .T. ) ;
#900 = CARTESIAN_POINT ( 'NONE',  ( 39.09669229095080567, -8.750575341000260465, 500.0000000000000000 ) ) ;
#901 = CARTESIAN_POINT ( 'NONE',  ( 99.97530000000001849, -0.005400000000000001153, -500.0000000000000000 ) ) ;
#902 = PERSON_AND_ORGANIZATION_ROLE ( 'design_supplier' ) ;
#903 = CARTESIAN_POINT ( 'NONE',  ( 72.69239761540512745, -5.043443029917860976, 500.0000000000000000 ) ) ;
#904 = CARTESIAN_POINT ( 'NONE',  ( 46.34197557326257311, 8.259268456330698172, 500.0000000000000000 ) ) ;
#905 = CARTESIAN_POINT ( 'NONE',  ( 99.95063322389998461, -0.01076616254555694263, -500.0000000000000000 ) ) ;
#906 = CARTESIAN_POINT ( 'NONE',  ( 14.06740910214862517, 8.892252088325410142, -500.0000000000000000 ) ) ;
#907 = CARTESIAN_POINT ( 'NONE',  ( 8.677093084275419699, 7.720651270806244248, 500.0000000000000000 ) ) ;
#908 = CARTESIAN_POINT ( 'NONE',  ( 66.93165460784594245, 5.896604244596051814, 500.0000000000000000 ) ) ;
#909 = APPROVAL_DATE_TIME ( #1210, #523 ) ;
#910 = CARTESIAN_POINT ( 'NONE',  ( 7.609653537955836100, 7.407794599979995454, 500.0000000000000000 ) ) ;
#911 = CARTESIAN_POINT ( 'NONE',  ( 31.59990693805332640, -8.994310203447035690, -500.0000000000000000 ) ) ;
#912 = CARTESIAN_POINT ( 'NONE',  ( 68.40050941057171485, 5.686030071048373991, 500.0000000000000000 ) ) ;
#913 = CARTESIAN_POINT ( 'NONE',  ( 98.77982997689881017, -0.2639729994334615859, -500.0000000000000000 ) ) ;
#914 = CARTESIAN_POINT ( 'NONE',  ( 95.87272167214379692, -0.8765270873047464883, 500.0000000000000000 ) ) ;
#915 = CARTESIAN_POINT ( 'NONE',  ( 2.914013489530362655, -5.392062151190129882, 500.0000000000000000 ) ) ;
#916 = CARTESIAN_POINT ( 'NONE',  ( 80.63557316865764335, 3.749327170183463842, 500.0000000000000000 ) ) ;
#917 = CARTESIAN_POINT ( 'NONE',  ( 20.59328630955254980, 9.681782490558642706, -500.0000000000000000 ) ) ;
#918 = CARTESIAN_POINT ( 'NONE',  ( 74.08006600230343963, -4.826934963134947409, 500.0000000000000000 ) ) ;
#919 = CARTESIAN_POINT ( 'NONE',  ( 36.05525741217854119, 8.886362424186273756, 500.0000000000000000 ) ) ;
#920 = CARTESIAN_POINT ( 'NONE',  ( 95.97165282349195081, 1.878695389338578048, -500.0000000000000000 ) ) ;
#921 = CARTESIAN_POINT ( 'NONE',  ( 11.90280086428483841, 8.494269520728357392, -500.0000000000000000 ) ) ;
#922 = DIRECTION ( 'NONE',  ( -0.2137149381804673287, -0.9768960667330578440, 0.000000000000000000 ) ) ;
#923 = CARTESIAN_POINT ( 'NONE',  ( 89.49496823229375764, 2.144721330546418336, 500.0000000000000000 ) ) ;
#924 = PERSON_AND_ORGANIZATION ( #1232, #40 ) ;
#925 = CARTESIAN_POINT ( 'NONE',  ( 0.9868779121964075252, -4.018088860626034098, -500.0000000000000000 ) ) ;
#926 = CARTESIAN_POINT ( 'NONE',  ( 63.94532931377018770, 6.309291610586761578, -500.0000000000000000 ) ) ;
#927 = CARTESIAN_POINT ( 'NONE',  ( 62.43080829726302738, -6.510563397417207021, -500.0000000000000000 ) ) ;
#928 = CARTESIAN_POINT ( 'NONE',  ( 100.0816622018674451, 1.005785160812517010, -500.0000000000000000 ) ) ;
#929 = CARTESIAN_POINT ( 'NONE',  ( 57.44867630964440508, -8.160989049440882326, 500.0000000000000000 ) ) ;
#930 = CARTESIAN_POINT ( 'NONE',  ( 62.43080829726302738, 6.510563397417204357, 500.0000000000000000 ) ) ;
#931 = CARTESIAN_POINT ( 'NONE',  ( -0.3881335281622025346, 2.314653850193157947, -500.0000000000000000 ) ) ;
#932 = CARTESIAN_POINT ( 'NONE',  ( 15.12736361410712327, -9.056666900678907339, 500.0000000000000000 ) ) ;
#933 = CARTESIAN_POINT ( 'NONE',  ( 0.09112321900289296894, 0.8319346391197468549, 500.0000000000000000 ) ) ;
#934 = CARTESIAN_POINT ( 'NONE',  ( 90.43771844095196855, -1.963457409260005671, -500.0000000000000000 ) ) ;
#935 = CARTESIAN_POINT ( 'NONE',  ( 98.41327901651223442, -0.3424805983704849455, 500.0000000000000000 ) ) ;
#936 = CARTESIAN_POINT ( 'NONE',  ( 98.77983000138385705, 0.2639731117114978431, -500.0000000000000000 ) ) ;
#937 = CARTESIAN_POINT ( 'NONE',  ( 90.43771844095196855, 1.963457409259992348, 500.0000000000000000 ) ) ;
#938 = CARTESIAN_POINT ( 'NONE',  ( 0.1321555952255765998, -3.114594898807556245, -500.0000000000000000 ) ) ;
#939 = CARTESIAN_POINT ( 'NONE',  ( 0.01641935891148989593, 0.4179446764462186326, 500.0000000000000000 ) ) ;
#940 = CARTESIAN_POINT ( 'NONE',  ( 24.95272835224353969, 9.931701199479105568, -500.0000000000000000 ) ) ;
#941 = CARTESIAN_POINT ( 'NONE',  ( 2.914013489530362655, -5.392062151190129882, -500.0000000000000000 ) ) ;
#942 = CARTESIAN_POINT ( 'NONE',  ( 97.53724281256667439, 0.5286272142901118354, -500.0000000000000000 ) ) ;
#943 = ADVANCED_FACE ( 'NONE', ( #1298 ), #780, .F. ) ;
#944 = CARTESIAN_POINT ( 'NONE',  ( 1.573569751239600079, 3.174653887852156409, 500.0000000000000000 ) ) ;
#945 = CARTESIAN_POINT ( 'NONE',  ( 62.43080829726302738, -6.510563397417207021, 500.0000000000000000 ) ) ;
#946 = APPROVAL_PERSON_ORGANIZATION ( #83, #672, #1121 ) ;
#947 = CARTESIAN_POINT ( 'NONE',  ( 31.46319146520828980, -10.00943134259477318, -500.0000000000000000 ) ) ;
#948 = CARTESIAN_POINT ( 'NONE',  ( 0.01641935891148989593, 0.4179446764462186326, -500.0000000000000000 ) ) ;
#949 = CARTESIAN_POINT ( 'NONE',  ( 44.51832872804976660, 9.436924318206573403, -500.0000000000000000 ) ) ;
#950 = CARTESIAN_POINT ( 'NONE',  ( 10.79826260478706779, -8.258499139042564607, -500.0000000000000000 ) ) ;
#951 = CARTESIAN_POINT ( 'NONE',  ( 87.49346223342580231, 2.522693879794823069, -500.0000000000000000 ) ) ;
#952 = CARTESIAN_POINT ( 'NONE',  ( 2.452740648271219737, -3.895097683277725764, 500.0000000000000000 ) ) ;
#953 = CARTESIAN_POINT ( 'NONE',  ( 99.88489989835657923, -0.02506619543575338074, -500.0000000000000000 ) ) ;
#954 = CC_DESIGN_DATE_AND_TIME_ASSIGNMENT ( #802, #1217, ( #1313 ) ) ;
#955 = CARTESIAN_POINT ( 'NONE',  ( 18.13827739345038381, 8.427911328026523208, 500.0000000000000000 ) ) ;
#956 = CARTESIAN_POINT ( 'NONE',  ( 1.453631098354447371, -4.403958221908652604, -500.0000000000000000 ) ) ;
#957 = CARTESIAN_POINT ( 'NONE',  ( 72.69239761540512745, 5.043443029917863640, -500.0000000000000000 ) ) ;
#958 = CARTESIAN_POINT ( 'NONE',  ( 33.06882993709523078, 8.971559956122785451, 500.0000000000000000 ) ) ;
#959 = CARTESIAN_POINT ( 'NONE',  ( 99.97530000000001849, -0.005400000000000001153, -500.0000000000000000 ) ) ;
#960 = CARTESIAN_POINT ( 'NONE',  ( 9.559569886992017373, 6.913934329567124948, -500.0000000000000000 ) ) ;
#961 = CARTESIAN_POINT ( 'NONE',  ( 97.53802338349802881, -1.550595893608866405, -500.0000000000000000 ) ) ;
#962 = CARTESIAN_POINT ( 'NONE',  ( 69.85119229305969668, 5.473263620374399174, -500.0000000000000000 ) ) ;
#963 = CARTESIAN_POINT ( 'NONE',  ( 4.120528549498125415, -4.910449053331014113, 500.0000000000000000 ) ) ;
#964 = CARTESIAN_POINT ( 'NONE',  ( 95.22659961917632643, -1.009781387074437209, -500.0000000000000000 ) ) ;
#965 = PRODUCT_DEFINITION_SHAPE ( 'NONE', 'NONE',  #43 ) ;
#966 = AXIS2_PLACEMENT_3D ( 'NONE', #1340, #613, #628 ) ;
#967 = CARTESIAN_POINT ( 'NONE',  ( 57.44867630964440508, -8.160989049440882326, 500.0000000000000000 ) ) ;
#968 = CARTESIAN_POINT ( 'NONE',  ( 21.90451174827790481, -8.753966484112545743, 500.0000000000000000 ) ) ;
#969 = CARTESIAN_POINT ( 'NONE',  ( 99.95887333752824588, 0.008997254085710823523, 500.0000000000000000 ) ) ;
#970 = CARTESIAN_POINT ( 'NONE',  ( 52.61588254115996932, 7.670911068849999737, -500.0000000000000000 ) ) ;
#971 = ADVANCED_BREP_SHAPE_REPRESENTATION ( 'naca0018full', ( #849, #18 ), #297 ) ;
#972 = CARTESIAN_POINT ( 'NONE',  ( 0.8848210161337020097, 2.422552461610728347, 500.0000000000000000 ) ) ;
#973 = CARTESIAN_POINT ( 'NONE',  ( 99.58939654368674610, -0.08921740320979651417, 500.0000000000000000 ) ) ;
#974 = CARTESIAN_POINT ( 'NONE',  ( 25.92000006945830748, -8.944919456412410597, -500.0000000000000000 ) ) ;
#975 = CARTESIAN_POINT ( 'NONE',  ( 99.36819600500820115, 0.1372688355564013751, -500.0000000000000000 ) ) ;
#976 = CARTESIAN_POINT ( 'NONE',  ( 1.573569751239600079, 3.174653887852156409, -500.0000000000000000 ) ) ;
#977 = CARTESIAN_POINT ( 'NONE',  ( 44.25820718950041055, -8.423607305226843422, 500.0000000000000000 ) ) ;
#978 = CARTESIAN_POINT ( 'NONE',  ( 99.76171153352740362, -0.05188643038925011552, 500.0000000000000000 ) ) ;
#979 = CARTESIAN_POINT ( 'NONE',  ( 6.194404009452703086, -5.837196288321083060, -500.0000000000000000 ) ) ;
#980 = CARTESIAN_POINT ( 'NONE',  ( 88.51323916861026930, 2.331223182878305433, 500.0000000000000000 ) ) ;
#981 = CARTESIAN_POINT ( 'NONE',  ( 12.50473706343479385, -7.587622785345909726, -500.0000000000000000 ) ) ;
#982 = CARTESIAN_POINT ( 'NONE',  ( 90.43771844095196855, -1.963457409260005671, 500.0000000000000000 ) ) ;
#983 = CARTESIAN_POINT ( 'NONE',  ( -0.2164500726406750342, 2.596725527447707904, 500.0000000000000000 ) ) ;
#984 = CARTESIAN_POINT ( 'NONE',  ( 14.65475593578875468, -7.967321506751954274, 500.0000000000000000 ) ) ;
#985 = CARTESIAN_POINT ( 'NONE',  ( 98.41327900858665600, 0.3424805620271812456, 500.0000000000000000 ) ) ;
#986 = CARTESIAN_POINT ( 'NONE',  ( 13.56180978638457724, -7.784508229410397995, -500.0000000000000000 ) ) ;
#987 = CARTESIAN_POINT ( 'NONE',  ( 12.50473706343479385, -7.587622785345909726, 500.0000000000000000 ) ) ;
#988 = CARTESIAN_POINT ( 'NONE',  ( 0.1603753038549535215, 3.120896758974927909, 500.0000000000000000 ) ) ;
#989 = CARTESIAN_POINT ( 'NONE',  ( 4.431629172321267518, -6.211747437796342197, 500.0000000000000000 ) ) ;
#990 = CARTESIAN_POINT ( 'NONE',  ( 20.61967126910491288, -8.660455926991620146, -500.0000000000000000 ) ) ;
#991 = CARTESIAN_POINT ( 'NONE',  ( 99.09822642823458239, 0.1955227509720386947, -500.0000000000000000 ) ) ;
#992 = CARTESIAN_POINT ( 'NONE',  ( 19.36387245020366166, -8.551622756728281871, -500.0000000000000000 ) ) ;
#993 = CARTESIAN_POINT ( 'NONE',  ( 20.61967126910491288, -8.660455926991620146, 500.0000000000000000 ) ) ;
#994 = CARTESIAN_POINT ( 'NONE',  ( 10.82345800224925192, 8.264202533107201987, 500.0000000000000000 ) ) ;
#995 = ORIENTED_EDGE ( 'NONE', *, *, #1249, .T. ) ;
#996 = APPROVAL_STATUS ( 'not_yet_approved' ) ;
#997 = CARTESIAN_POINT ( 'NONE',  ( 46.34197557326256600, -8.259268456330696395, -500.0000000000000000 ) ) ;
#998 = CC_DESIGN_PERSON_AND_ORGANIZATION_ASSIGNMENT ( #924, #274, ( #43 ) ) ;
#999 = CARTESIAN_POINT ( 'NONE',  ( 78.09521448406226796, 4.177760938659232259, 500.0000000000000000 ) ) ;
#1000 = CARTESIAN_POINT ( 'NONE',  ( 0.01641935891149164800, -0.4179446764462360631, -500.0000000000000000 ) ) ;
#1001 = CARTESIAN_POINT ( 'NONE',  ( 84.58103156856243743, -3.056872080568937999, 500.0000000000000000 ) ) ;
#1002 = CARTESIAN_POINT ( 'NONE',  ( 95.97165282349195081, 1.878695389338578048, 500.0000000000000000 ) ) ;
#1003 = VERTEX_POINT ( 'NONE', #901 ) ;
#1004 = CALENDAR_DATE ( 2026, 2, 3 ) ;
#1005 = CARTESIAN_POINT ( 'NONE',  ( 4.431629172321267518, -6.211747437796342197, -500.0000000000000000 ) ) ;
#1006 = CARTESIAN_POINT ( 'NONE',  ( 42.18117208829819731, -8.567727671100376696, -500.0000000000000000 ) ) ;
#1007 = CARTESIAN_POINT ( 'NONE',  ( 21.90451174827789060, 8.753966484112543966, 500.0000000000000000 ) ) ;
#1008 = CARTESIAN_POINT ( 'NONE',  ( 80.63557316865765756, -3.749327170183463398, -500.0000000000000000 ) ) ;
#1009 = VECTOR ( 'NONE', #1107, 1000.000000000000000 ) ;
#1010 = LOCAL_TIME ( 16, 1, 8.000000000000000000, #794 ) ;
#1011 = CARTESIAN_POINT ( 'NONE',  ( 70.36568330730695209, 6.426653496976647340, -500.0000000000000000 ) ) ;
#1012 = CARTESIAN_POINT ( 'NONE',  ( 78.92758403553243340, 5.071876746133368918, 500.0000000000000000 ) ) ;
#1013 = ORIENTED_EDGE ( 'NONE', *, *, #563, .F. ) ;
#1014 = CALENDAR_DATE ( 2026, 2, 3 ) ;
#1015 = CARTESIAN_POINT ( 'NONE',  ( 48.43038835509915430, -8.076569623578734536, 500.0000000000000000 ) ) ;
#1016 = CARTESIAN_POINT ( 'NONE',  ( 50.52390703134268790, 7.881822859537479076, 500.0000000000000000 ) ) ;
#1017 = CARTESIAN_POINT ( 'NONE',  ( 98.88839406098040286, 1.263485915186620678, 500.0000000000000000 ) ) ;
#1018 = CARTESIAN_POINT ( 'NONE',  ( -0.3881335281622025346, 2.314653850193157947, -500.0000000000000000 ) ) ;
#1019 = CARTESIAN_POINT ( 'NONE',  ( 100.1878741348116648, -0.9825449417609850578, 500.0000000000000000 ) ) ;
#1020 = CARTESIAN_POINT ( 'NONE',  ( 95.22659961916988891, 1.009781387045052270, 500.0000000000000000 ) ) ;
#1021 = CARTESIAN_POINT ( 'NONE',  ( 0.3651900463071551250, 3.362553658231119957, -500.0000000000000000 ) ) ;
#1022 = CARTESIAN_POINT ( 'NONE',  ( 36.05525741217855540, -8.886362424186275533, 500.0000000000000000 ) ) ;
#1023 = CARTESIAN_POINT ( 'NONE',  ( 42.18117208829819731, 8.567727671100369591, 500.0000000000000000 ) ) ;
#1024 = CARTESIAN_POINT ( 'NONE',  ( 98.09291651358800834, 1.433363767003808853, 500.0000000000000000 ) ) ;
#1025 = CARTESIAN_POINT ( 'NONE',  ( 24.95272835224353969, 9.931701199479105568, -500.0000000000000000 ) ) ;
#1026 = CARTESIAN_POINT ( 'NONE',  ( 78.90258224619833527, -5.076052208556724565, 500.0000000000000000 ) ) ;
#1027 = CARTESIAN_POINT ( 'NONE',  ( 99.95887333752824588, 0.008997254085710823523, 500.0000000000000000 ) ) ;
#1028 = COORDINATED_UNIVERSAL_TIME_OFFSET ( 4, 0, .AHEAD. ) ;
#1029 = CARTESIAN_POINT ( 'NONE',  ( 18.41363346742480545, 9.491055245188602996, -500.0000000000000000 ) ) ;
#1030 = CARTESIAN_POINT ( 'NONE',  ( 15.12736361410712327, -9.056666900678907339, -500.0000000000000000 ) ) ;
#1031 = CARTESIAN_POINT ( 'NONE',  ( 27.30779008153085030, 8.978843605748709322, 500.0000000000000000 ) ) ;
#1032 = CARTESIAN_POINT ( 'NONE',  ( 86.06102034705874360, -2.788088425319390495, -500.0000000000000000 ) ) ;
#1033 = CARTESIAN_POINT ( 'NONE',  ( 15.15275827290535204, 9.060412837144689036, -500.0000000000000000 ) ) ;
#1034 = CARTESIAN_POINT ( 'NONE',  ( 11.87753592992728713, -8.489120233835560470, 500.0000000000000000 ) ) ;
#1035 = CARTESIAN_POINT ( 'NONE',  ( 72.69239761540512745, 5.043443029917863640, 500.0000000000000000 ) ) ;
#1036 = CARTESIAN_POINT ( 'NONE',  ( 1.008213546643900616, 4.037148060609245803, -500.0000000000000000 ) ) ;
#1037 = CARTESIAN_POINT ( 'NONE',  ( 24.92723968499231546, -9.930760593782521184, 500.0000000000000000 ) ) ;
#1038 = CARTESIAN_POINT ( 'NONE',  ( 39.09669229095079857, 8.750575341000253360, -500.0000000000000000 ) ) ;
#1039 = CARTESIAN_POINT ( 'NONE',  ( 97.99894507466866855, -0.4307120763632198979, -500.0000000000000000 ) ) ;
#1040 = CARTESIAN_POINT ( 'NONE',  ( 99.09822650174635328, -0.1955230880656631254, 500.0000000000000000 ) ) ;
#1041 = CARTESIAN_POINT ( 'NONE',  ( 31.46319146520828980, -10.00943134259477318, 500.0000000000000000 ) ) ;
#1042 = CARTESIAN_POINT ( 'NONE',  ( 93.24053643968738925, 1.413012466662193489, 500.0000000000000000 ) ) ;
#1043 = CARTESIAN_POINT ( 'NONE',  ( 5.499550768261611822, 6.657545813951975866, -500.0000000000000000 ) ) ;
#1044 = EDGE_CURVE ( 'NONE', #166, #782, #1324, .T. ) ;
#1045 = CARTESIAN_POINT ( 'NONE',  ( 9.559569886992017373, 6.913934329567124948, 500.0000000000000000 ) ) ;
#1046 = CARTESIAN_POINT ( 'NONE',  ( 94.90924572549694460, 2.096416836946373152, 500.0000000000000000 ) ) ;
#1047 = CARTESIAN_POINT ( 'NONE',  ( 100.0000000000000000, 0.000000000000000000, 500.0000000000000000 ) ) ;
#1048 = CARTESIAN_POINT ( 'NONE',  ( 94.53578214776949551, 1.150734906254530898, -500.0000000000000000 ) ) ;
#1049 = CARTESIAN_POINT ( 'NONE',  ( 52.61588254115996932, 7.670911068849999737, 500.0000000000000000 ) ) ;
#1050 = CARTESIAN_POINT ( 'NONE',  ( 68.40050941057172906, -5.686030071048378431, 500.0000000000000000 ) ) ;
#1051 = CARTESIAN_POINT ( 'NONE',  ( 20.56781296956937766, -9.679795418485019454, 500.0000000000000000 ) ) ;
#1052 = CARTESIAN_POINT ( 'NONE',  ( 4.120528549498130744, 4.910449053331016778, 500.0000000000000000 ) ) ;
#1053 = CARTESIAN_POINT ( 'NONE',  ( 66.07490329753348135, 7.048607246020971218, -500.0000000000000000 ) ) ;
#1054 = CARTESIAN_POINT ( 'NONE',  ( -0.2598030354955291887, -2.591586786535129860, -500.0000000000000000 ) ) ;
#1055 = CARTESIAN_POINT ( 'NONE',  ( 42.18117208829819731, 8.567727671100369591, -500.0000000000000000 ) ) ;
#1056 = CARTESIAN_POINT ( 'NONE',  ( 37.56982581741687710, 8.824539743451827789, 500.0000000000000000 ) ) ;
#1057 = CARTESIAN_POINT ( 'NONE',  ( 97.02859165316066026, -0.6356111863492417413, 500.0000000000000000 ) ) ;
#1058 = CARTESIAN_POINT ( 'NONE',  ( 19.36387245020366166, 8.551622756728280095, 500.0000000000000000 ) ) ;
#1059 = CARTESIAN_POINT ( 'NONE',  ( 33.66452050096606996, 9.969749664166942082, -500.0000000000000000 ) ) ;
#1060 = CARTESIAN_POINT ( 'NONE',  ( 100.1878741348116648, -0.9825449417609850578, -500.0000000000000000 ) ) ;
#1061 = CARTESIAN_POINT ( 'NONE',  ( 25.92000006945831814, 8.944919456412407044, -500.0000000000000000 ) ) ;
#1062 = CARTESIAN_POINT ( 'NONE',  ( 6.972888585422584384, 6.124365591744857618, 500.0000000000000000 ) ) ;
#1063 = CARTESIAN_POINT ( 'NONE',  ( 99.95063322389998461, -0.01076616254555694263, 500.0000000000000000 ) ) ;
#1064 = CARTESIAN_POINT ( 'NONE',  ( 4.120528549498130744, 4.910449053331016778, -500.0000000000000000 ) ) ;
#1065 = PRODUCT ( 'naca0018full', 'naca0018full', '', ( #75 ) ) ;
#1066 = EDGE_CURVE ( 'NONE', #782, #677, #311, .T. ) ;
#1067 = CARTESIAN_POINT ( 'NONE',  ( 44.49301355815156711, -9.438856860695237216, -500.0000000000000000 ) ) ;
#1068 = CARTESIAN_POINT ( 'NONE',  ( 86.06102034705868675, 2.788088425319392716, -500.0000000000000000 ) ) ;
#1069 = CARTESIAN_POINT ( 'NONE',  ( 4.767521285062196412, 5.229789408013593821, 500.0000000000000000 ) ) ;
#1070 = CARTESIAN_POINT ( 'NONE',  ( 90.43771844095196855, -1.963457409260005671, -500.0000000000000000 ) ) ;
#1071 = CARTESIAN_POINT ( 'NONE',  ( 0.3897226981455292893, 1.640905353375603948, -500.0000000000000000 ) ) ;
#1072 = CARTESIAN_POINT ( 'NONE',  ( 94.88441243235845945, -2.101479880069863526, -500.0000000000000000 ) ) ;
#1073 = CARTESIAN_POINT ( 'NONE',  ( 31.59990693805333350, 8.994310203447033913, -500.0000000000000000 ) ) ;
#1074 = CARTESIAN_POINT ( 'NONE',  ( 11.48469740207334233, 7.376485184842335840, 500.0000000000000000 ) ) ;
#1075 = CARTESIAN_POINT ( 'NONE',  ( 83.05499585077545532, -3.328386375900614702, 500.0000000000000000 ) ) ;
#1076 = CARTESIAN_POINT ( 'NONE',  ( 6.972888585422591490, -6.124365591744859394, 500.0000000000000000 ) ) ;
#1077 = CARTESIAN_POINT ( 'NONE',  ( 79.37992168110686464, 3.962876278162673849, -500.0000000000000000 ) ) ;
#1078 = CARTESIAN_POINT ( 'NONE',  ( 7.793805397449245831, 6.399798301592716676, -500.0000000000000000 ) ) ;
#1079 = CARTESIAN_POINT ( 'NONE',  ( 2.962633860748290715, 4.242636647532123995, 500.0000000000000000 ) ) ;
#1080 = CARTESIAN_POINT ( 'NONE',  ( 99.58939654368674610, -0.08921740320979651417, -500.0000000000000000 ) ) ;
#1081 = CARTESIAN_POINT ( 'NONE',  ( 70.34064045171629687, -6.430395471490895964, 500.0000000000000000 ) ) ;
#1082 = CARTESIAN_POINT ( 'NONE',  ( 11.48469740207333345, -7.376485184842333176, -500.0000000000000000 ) ) ;
#1083 = CARTESIAN_POINT ( 'NONE',  ( 80.63557316865764335, 3.749327170183463842, -500.0000000000000000 ) ) ;
#1084 = CARTESIAN_POINT ( 'NONE',  ( 21.90451174827790481, -8.753966484112545743, -500.0000000000000000 ) ) ;
#1085 = CARTESIAN_POINT ( 'NONE',  ( 65.44610873820369079, -6.104375293899281907, 500.0000000000000000 ) ) ;
#1086 = CARTESIAN_POINT ( 'NONE',  ( 40.18400627303136474, 9.738968799440122837, 500.0000000000000000 ) ) ;
#1087 = ORIENTED_EDGE ( 'NONE', *, *, #383, .F. ) ;
#1088 =( NAMED_UNIT ( * ) SI_UNIT ( $, .STERADIAN. ) SOLID_ANGLE_UNIT ( ) );
#1089 = CARTESIAN_POINT ( 'NONE',  ( 2.962633860748284498, -4.242636647532119554, 500.0000000000000000 ) ) ;
#1090 = CARTESIAN_POINT ( 'NONE',  ( 99.76171298795441089, 0.05189309977109106409, -500.0000000000000000 ) ) ;
#1091 = CARTESIAN_POINT ( 'NONE',  ( 6.194404009452703086, -5.837196288321083060, -500.0000000000000000 ) ) ;
#1092 = APPLICATION_CONTEXT ( 'configuration controlled 3d designs of mechanical parts and assemblies' ) ;
#1093 = CARTESIAN_POINT ( 'NONE',  ( 6.972888585422591490, -6.124365591744859394, 500.0000000000000000 ) ) ;
#1094 = CARTESIAN_POINT ( 'NONE',  ( 83.19974279806140771, 4.338099743194852920, 500.0000000000000000 ) ) ;
#1095 = CARTESIAN_POINT ( 'NONE',  ( 89.56817017573955297, -3.153698263926551171, 500.0000000000000000 ) ) ;
#1096 = CARTESIAN_POINT ( 'NONE',  ( 19.36387245020366166, -8.551622756728281871, 500.0000000000000000 ) ) ;
#1097 = CARTESIAN_POINT ( 'NONE',  ( 71.28229045300128064, 5.258940334623318336, 500.0000000000000000 ) ) ;
#1098 = CARTESIAN_POINT ( 'NONE',  ( 0.3897226981455284012, -1.640905353375601949, -500.0000000000000000 ) ) ;
#1099 = CARTESIAN_POINT ( 'NONE',  ( 13.56180978638457724, -7.784508229410397995, 500.0000000000000000 ) ) ;
#1100 = CARTESIAN_POINT ( 'NONE',  ( 24.95272835224353969, 9.931701199479105568, 500.0000000000000000 ) ) ;
#1101 = ORIENTED_EDGE ( 'NONE', *, *, #1066, .F. ) ;
#1102 = DATE_AND_TIME ( #606, #878 ) ;
#1103 = CARTESIAN_POINT ( 'NONE',  ( 6.972888585422591490, -6.124365591744859394, -500.0000000000000000 ) ) ;
#1104 = CARTESIAN_POINT ( 'NONE',  ( 97.99894507717698389, 0.4307120878653462603, -500.0000000000000000 ) ) ;
#1105 = CARTESIAN_POINT ( 'NONE',  ( 46.34197557326256600, -8.259268456330696395, -500.0000000000000000 ) ) ;
#1106 = CARTESIAN_POINT ( 'NONE',  ( 78.09521448406226796, -4.177760938659233148, 500.0000000000000000 ) ) ;
#1107 = DIRECTION ( 'NONE',  ( 0.000000000000000000, 0.000000000000000000, 1.000000000000000000 ) ) ;
#1108 = VERTEX_POINT ( 'NONE', #1144 ) ;
#1109 = APPLICATION_PROTOCOL_DEFINITION ( 'international standard', 'config_control_design', 1994, #770 ) ;
#1110 = CARTESIAN_POINT ( 'NONE',  ( 27.30779008153082543, -8.978843605748705770, 500.0000000000000000 ) ) ;
#1111 = CARTESIAN_POINT ( 'NONE',  ( 34.55441208615609128, 8.935438793399198332, 500.0000000000000000 ) ) ;
#1112 = CARTESIAN_POINT ( 'NONE',  ( 0.01641935891148989593, 0.4179446764462186326, -500.0000000000000000 ) ) ;
#1113 = CARTESIAN_POINT ( 'NONE',  ( 99.95063322389998461, -0.01076616254555694263, 500.0000000000000000 ) ) ;
#1114 = CARTESIAN_POINT ( 'NONE',  ( 31.48863486609842255, 10.00916103200362350, 500.0000000000000000 ) ) ;
#1115 = CARTESIAN_POINT ( 'NONE',  ( 33.06882993709525209, -8.971559956122789004, -500.0000000000000000 ) ) ;
#1116 = CARTESIAN_POINT ( 'NONE',  ( 60.90396510598632318, 6.707571456946701538, -500.0000000000000000 ) ) ;
#1117 = CARTESIAN_POINT ( 'NONE',  ( 99.55085917693260456, 1.120865350702995755, 500.0000000000000000 ) ) ;
#1118 = CARTESIAN_POINT ( 'NONE',  ( 0.1603753038549535215, 3.120896758974927909, -500.0000000000000000 ) ) ;
#1119 = CARTESIAN_POINT ( 'NONE',  ( 89.56817017573955297, -3.153698263926551171, 500.0000000000000000 ) ) ;
#1120 = CARTESIAN_POINT ( 'NONE',  ( 96.47360283090222310, 0.7518599242696153429, 500.0000000000000000 ) ) ;
#1121 = APPROVAL_ROLE ( '' ) ;
#1122 = EDGE_CURVE ( 'NONE', #782, #82, #612, .T. ) ;
#1123 = CARTESIAN_POINT ( 'NONE',  ( 14.06740910214862517, 8.892252088325410142, -500.0000000000000000 ) ) ;
#1124 = CARTESIAN_POINT ( 'NONE',  ( 56.26498633661070414, -7.269531170022315081, 500.0000000000000000 ) ) ;
#1125 = CARTESIAN_POINT ( 'NONE',  ( 68.40050941057171485, 5.686030071048373991, -500.0000000000000000 ) ) ;
#1126 = CARTESIAN_POINT ( 'NONE',  ( 98.09291651358800834, 1.433363767003808853, -500.0000000000000000 ) ) ;
#1127 = CARTESIAN_POINT ( 'NONE',  ( 66.07490329753348135, 7.048607246020971218, -500.0000000000000000 ) ) ;
#1128 = CARTESIAN_POINT ( 'NONE',  ( 99.09822642823458239, 0.1955227509720386947, -500.0000000000000000 ) ) ;
#1129 = CARTESIAN_POINT ( 'NONE',  ( 100.2137149381804733, 0.9768960667330590653, -500.0000000000000000 ) ) ;
#1130 = DATE_TIME_ROLE ( 'creation_date' ) ;
#1131 = CARTESIAN_POINT ( 'NONE',  ( 14.06740910214862517, 8.892252088325410142, 500.0000000000000000 ) ) ;
#1132 = CARTESIAN_POINT ( 'NONE',  ( 60.90396510598633739, -6.707571456946700650, -500.0000000000000000 ) ) ;
#1133 = CARTESIAN_POINT ( 'NONE',  ( 28.71797100207374953, 8.998172760352424859, 500.0000000000000000 ) ) ;
#1134 = CARTESIAN_POINT ( 'NONE',  ( 97.56277864685020518, 1.545379587415268485, 500.0000000000000000 ) ) ;
#1135 = CARTESIAN_POINT ( 'NONE',  ( 98.09291651358800834, 1.433363767003808853, -500.0000000000000000 ) ) ;
#1136 = CARTESIAN_POINT ( 'NONE',  ( 93.24053643968738925, 1.413012466662193489, -500.0000000000000000 ) ) ;
#1137 = CARTESIAN_POINT ( 'NONE',  ( 86.06102034705868675, 2.788088425319392716, 500.0000000000000000 ) ) ;
#1138 = CARTESIAN_POINT ( 'NONE',  ( 2.914013489530362655, -5.392062151190129882, -500.0000000000000000 ) ) ;
#1139 = CARTESIAN_POINT ( 'NONE',  ( 5.475086882524312415, -6.647768688334258158, 500.0000000000000000 ) ) ;
#1140 = CARTESIAN_POINT ( 'NONE',  ( 23.21702688637230239, 8.832588102005717090, -500.0000000000000000 ) ) ;
#1141 = CARTESIAN_POINT ( 'NONE',  ( 96.47360283097444267, -0.7518599246006546499, -500.0000000000000000 ) ) ;
#1142 = CARTESIAN_POINT ( 'NONE',  ( 97.99894507466866855, -0.4307120763632198979, 500.0000000000000000 ) ) ;
#1143 = VECTOR ( 'NONE', #1158, 1000.000000000000227 ) ;
#1144 = CARTESIAN_POINT ( 'NONE',  ( 100.0000000000000000, 0.000000000000000000, -500.0000000000000000 ) ) ;
#1145 = DIRECTION ( 'NONE',  ( 0.2125741348116547136, -0.9771449417609837651, 0.000000000000000000 ) ) ;
#1146 = CARTESIAN_POINT ( 'NONE',  ( -0.8064464983634144213, -1.354174970418767110, -500.0000000000000000 ) ) ;
#1147 = CARTESIAN_POINT ( 'NONE',  ( 33.63909698526722991, -9.970350067094937430, 500.0000000000000000 ) ) ;
#1148 = CARTESIAN_POINT ( 'NONE',  ( 0.2155775169912740874, 1.239735350305372741, 500.0000000000000000 ) ) ;
#1149 = CARTESIAN_POINT ( 'NONE',  ( 97.02859165316066026, -0.6356111863492417413, -500.0000000000000000 ) ) ;
#1150 = CARTESIAN_POINT ( 'NONE',  ( 83.17479956804656638, -4.342488872902657171, -500.0000000000000000 ) ) ;
#1151 = CARTESIAN_POINT ( 'NONE',  ( 15.12736361410712327, -9.056666900678907339, 500.0000000000000000 ) ) ;
#1152 = B_SPLINE_CURVE_WITH_KNOTS ( 'NONE', 3,
 ( #1223, #201, #1027, #294, #723, #825, #1153, #303, #115, #100, #736, #514, #193, #1120, #838, #1020, #605, #1042, #528, #937, #923, #415, #1242, #1137, #210, #506, #223, #916, #1332, #312, #620, #12, #406, #1035, #1233, #422, #108, #908, #816, #521, #930, #1250, #429, #714, #5, #635, #1049, #122, #749, #760, #345, #129, #864, #246, #1056, #1160, #333, #958, #548, #339, #659, #33, #236, #1278, #460, #136, #743, #230, #1166, #654, #642, #535, #854, #1176, #1074, #253, #649, #148, #559, #1062, #1171, #356, #1069, #869, #448, #1079, #668, #846, #944, #859, #972, #46, #350, #1283, #542, #1273, #766, #1181, #21, #436, #443, #553, #754, #1262, #241, #142, #952, #28, #1268, #963, #38, #454, #164, #1093, #1214, #489, #389, #576, #798, #987, #1099, #170, #154, #62, #582, #688, #993, #1297, #51, #285, #473, #177, #566, #368, #272, #478, #571, #1303, #73, #900, #887, #699, #977, #376, #792, #67, #466, #874, #484, #278, #1289, #779, #384, #786, #1085, #893, #1208, #675, #774, #361, #1202, #694, #1194, #1106, #1309, #265, #589, #1316, #1001, #1189, #259, #682, #159, #982, #57, #880, #420, #3, #836, #914, #728, #208, #721, #1142, #935, #1240, #1040, #1230, #324, #1254, #80, #1113, #712 ),
 .UNSPECIFIED., .F., .F.,
 ( 4, 1, 1, 1, 1, 1, 1, 1, 1, 1, 1, 1, 1, 1, 1, 1, 1, 1, 1, 1, 1, 1, 1, 1, 1, 1, 1, 1, 1, 1, 1, 1, 1, 1, 1, 1, 1, 1, 1, 1, 1, 1, 1, 1, 1, 1, 1, 1, 1, 1, 1, 1, 1, 1, 1, 1, 1, 1, 1, 1, 1, 1, 1, 1, 1, 1, 1, 1, 1, 1, 1, 1, 1, 1, 1, 1, 1, 1, 1, 1, 1, 1, 1, 1, 1, 1, 1, 1, 1, 1, 1, 1, 1, 1, 1, 1, 1, 1, 1, 1, 1, 1, 1, 1, 1, 1, 1, 1, 1, 1, 1, 1, 1, 1, 1, 1, 1, 1, 1, 1, 1, 1, 1, 1, 1, 1, 1, 1, 1, 1, 1, 1, 1, 1, 1, 1, 1, 1, 1, 1, 1, 1, 1, 1, 1, 1, 1, 1, 1, 1, 1, 1, 1, 1, 1, 1, 1, 1, 1, 1, 1, 1, 1, 1, 1, 1, 1, 1, 1, 1, 1, 1, 1, 1, 1, 1, 1, 1, 1, 1, 1, 1, 1, 1, 1, 1, 1, 1, 1, 1, 4 ),
 ( 0.000000000000000000, 0.0001217713566992956398, 0.0004865122342467471960, 0.001093752078685834243, 0.001943388652379241877, 0.003034010020996495086, 0.004364369125990424578, 0.005933894621011501225, 0.007739559983940568801, 0.009780694256740777442, 0.01205474367419652991, 0.01455895650497152256, 0.01729088106953345291, 0.02024767245704613833, 0.02342584077625551459, 0.02682302206366115813, 0.03043478697258339416, 0.04252037480547354864, 0.04695187063345630796, 0.05157677959840350351, 0.05639144826391140342, 0.06139033528019618297, 0.06656876196291486303, 0.07744069019634323980, 0.08312408757070108289, 0.08896436380735059379, 0.09495553083771697545, 0.1010920793946257917, 0.1073674755498546657, 0.1137758247068228340, 0.1203095761423087773, 0.1269632440465669199, 0.1337299953347019787, 0.1406022300124777635, 0.1475740795331534905, 0.1546381782620219192, 0.1617870290125992816, 0.1690141703255420291, 0.1763113746705847196, 0.1836726119267793889, 0.1910894835841210615, 0.1985552221624698188, 0.2060624126331550010, 0.2136027609578583786, 0.2211699034682931275, 0.2287555296893361012, 0.2439526683931337592, 0.2515492167705597470, 0.2591347622922941518, 0.2742427624491781679, 0.2817500190894288159, 0.2892173256104284551, 0.2966367026061156875, 0.3040011797894361378, 0.3113043410766957453, 0.3185383586403586209, 0.3256978999735226088, 0.3327752654572866953, 0.3397647481002851744, 0.3466597490606377896, 0.3534537306500886156, 0.3601416773508216429, 0.3667171993312411948, 0.3731744477894444190, 0.3795090925512459301, 0.3857149315372765397, 0.3917873685822820806, 0.3977212679203853130, 0.4035126305773646394, 0.4091569765079556831, 0.4146495900281743641, 0.4199875889497730608, 0.4251672484011357889, 0.4301847032306265750, 0.4350372966395247287, 0.4397218003003323106, 0.4442369537180307915, 0.4485804716987534246, 0.4527505541260334887, 0.4567463334973420608, 0.4605676223292133886, 0.4642148732858693005, 0.4676878455343250751, 0.4709897877592223447, 0.4741228296831854205, 0.4770914263560548374, 0.4799013016985559377, 0.4825594121437186135, 0.4850752052045746998, 0.4874609525316267455, 0.4897308755373179778, 0.4919027042194457078, 0.4939969870360997328, 0.4960372073466098319, 0.4980494666051150099, 0.5000608856783496092, 0.5020723047515841531, 0.5040845640100893865, 0.5061247843205994856, 0.5082190671372535107, 0.5103908958193812406, 0.5126608188250725284, 0.5150465661521245186, 0.5175623592129806605, 0.5202204696581432808, 0.5230303450006443811, 0.5259989416735137979, 0.5291319835974768182, 0.5324339258223741433, 0.5359068980708299179, 0.5395541490274857743, 0.5433754378593570467, 0.5473712172306656187, 0.5515412996579457383, 0.5558848176386683715, 0.5603999710563668524, 0.5650844747171743787, 0.5699370681260725879, 0.5749545229555633741, 0.5801341824069260467, 0.5854721813285247434, 0.5909647948487435354, 0.5966091407793344681, 0.6024005034363137945, 0.6083344027744170823, 0.6144068398194226788, 0.6206126788054532328, 0.6269473235672547995, 0.6334045720254579681, 0.6399800940058776311, 0.6466680407066106584, 0.6534620222960614289, 0.6603570232564140996, 0.6673465058994125787, 0.6744238713831766097, 0.6815834127163405975, 0.6888174302800034177, 0.6961205915672630251, 0.7034850687505834754, 0.7109044457462706523, 0.7183717522672703470, 0.7258790089075209950, 0.7409870090644049556, 0.7485725545861392494, 0.7561691029635652095, 0.7713662416673630062, 0.7789518678884059799, 0.7865190103988406456, 0.7940593587235440509, 0.8015665491942292054, 0.8090322877725779627, 0.8164491594299196908, 0.8238103966861143324, 0.8311076010311569950, 0.8383347423440997703, 0.8454835930946772438, 0.8525476918235456170, 0.8595195413442213717, 0.8663917760219971287, 0.8731585273101322153, 0.8798121952143902469, 0.8863459466498762040, 0.8927542958068444001, 0.8990296919620732741, 0.9051662405189820904, 0.9111574075493484859, 0.9169976837859978858, 0.9226810811603557427, 0.9335530093937841611, 0.9387314360765028898, 0.9437303230927877040, 0.9485449917582956525, 0.9531699007232428134, 0.9576013965512256698, 0.9658643117455415483, 0.9696869843841158243, 0.9732987492930381679, 0.9766959305804436831, 0.9798740988996530454, 0.9828308902871657482, 0.9855628148517276976, 0.9880670276825026521, 0.9903410770999583335, 0.9923822113727586158, 0.9941878767356877589, 0.9957574022307087436, 0.9970877613357027602, 0.9981783827043200219, 0.9990280192780133239, 0.9996352591224524353, 0.9999999999999998890 ),
 .UNSPECIFIED. ) ;
#1153 = CARTESIAN_POINT ( 'NONE',  ( 99.36819600500820115, 0.1372688355564013751, 500.0000000000000000 ) ) ;
#1154 = CARTESIAN_POINT ( 'NONE',  ( -0.9987336524937023841, 0.3630433672196877182, 500.0000000000000000 ) ) ;
#1155 = CARTESIAN_POINT ( 'NONE',  ( 10.79826260478706779, -8.258499139042564607, 500.0000000000000000 ) ) ;
#1156 = CARTESIAN_POINT ( 'NONE',  ( 11.48469740207334233, 7.376485184842335840, 500.0000000000000000 ) ) ;
#1157 = CARTESIAN_POINT ( 'NONE',  ( 57.47384140538547825, 8.158012908776544947, -500.0000000000000000 ) ) ;
#1158 = DIRECTION ( 'NONE',  ( 0.2125741348116547136, -0.9771449417609837651, 0.000000000000000000 ) ) ;
#1159 = CARTESIAN_POINT ( 'NONE',  ( 46.34197557326257311, 8.259268456330698172, -500.0000000000000000 ) ) ;
#1160 = CARTESIAN_POINT ( 'NONE',  ( 36.05525741217854119, 8.886362424186273756, 500.0000000000000000 ) ) ;
#1161 = CARTESIAN_POINT ( 'NONE',  ( 89.49496823229375764, -2.144721330546416116, 500.0000000000000000 ) ) ;
#1162 = CARTESIAN_POINT ( 'NONE',  ( 13.56180978638457368, 7.784508229410396218, -500.0000000000000000 ) ) ;
#1163 = CARTESIAN_POINT ( 'NONE',  ( 31.48863486609842255, 10.00916103200362350, -500.0000000000000000 ) ) ;
#1164 = CARTESIAN_POINT ( 'NONE',  ( 89.56817017573955297, -3.153698263926551171, -500.0000000000000000 ) ) ;
#1165 = CARTESIAN_POINT ( 'NONE',  ( 14.65475593578873337, 7.967321506751950722, -500.0000000000000000 ) ) ;
#1166 = CARTESIAN_POINT ( 'NONE',  ( 18.13827739345038381, 8.427911328026523208, 500.0000000000000000 ) ) ;
#1167 = CARTESIAN_POINT ( 'NONE',  ( 93.80103744093295859, -1.299515209507018820, 500.0000000000000000 ) ) ;
#1168 = CARTESIAN_POINT ( 'NONE',  ( 16.94411706578068788, 8.289126077134454817, -500.0000000000000000 ) ) ;
#1169 = LINE ( 'NONE', #120, #1229 ) ;
#1170 = CARTESIAN_POINT ( 'NONE',  ( 66.93165460784594245, 5.896604244596051814, -500.0000000000000000 ) ) ;
#1171 = CARTESIAN_POINT ( 'NONE',  ( 6.194404009452697757, 5.837196288321082172, 500.0000000000000000 ) ) ;
#1172 = CARTESIAN_POINT ( 'NONE',  ( 80.63557316865765756, -3.749327170183463398, -500.0000000000000000 ) ) ;
#1173 = CARTESIAN_POINT ( 'NONE',  ( 0.6129239413752671783, 2.035248348719215006, 500.0000000000000000 ) ) ;
#1174 = CARTESIAN_POINT ( 'NONE',  ( 99.99176691668122885, 0.001801146460126149635, 500.0000000000000000 ) ) ;
#1175 = CARTESIAN_POINT ( 'NONE',  ( 50.52390703134268790, 7.881822859537479076, -500.0000000000000000 ) ) ;
#1176 = CARTESIAN_POINT ( 'NONE',  ( 12.50473706343480096, 7.587622785345913279, 500.0000000000000000 ) ) ;
#1177 = CARTESIAN_POINT ( 'NONE',  ( 95.87272167214379692, -0.8765270873047464883, -500.0000000000000000 ) ) ;
#1178 = CARTESIAN_POINT ( 'NONE',  ( 16.94411706578071275, -8.289126077134458370, -500.0000000000000000 ) ) ;
#1179 = CARTESIAN_POINT ( 'NONE',  ( 93.24053643968738925, 1.413012466662193489, -500.0000000000000000 ) ) ;
#1180 = CARTESIAN_POINT ( 'NONE',  ( 23.21702688637230239, 8.832588102005717090, -500.0000000000000000 ) ) ;
#1181 = CARTESIAN_POINT ( 'NONE',  ( 0.01641935891149164800, -0.4179446764462360631, 500.0000000000000000 ) ) ;
#1182 = CARTESIAN_POINT ( 'NONE',  ( 86.06102034705874360, -2.788088425319390495, -500.0000000000000000 ) ) ;
#1183 = VECTOR ( 'NONE', #922, 1000.000000000000114 ) ;
#1184 = CC_DESIGN_PERSON_AND_ORGANIZATION_ASSIGNMENT ( #1311, #614, ( #1313 ) ) ;
#1185 = CARTESIAN_POINT ( 'NONE',  ( 83.17479956804656638, -4.342488872902657171, 500.0000000000000000 ) ) ;
#1186 = CARTESIAN_POINT ( 'NONE',  ( 3.518751128541204309, -4.581216229304377663, 500.0000000000000000 ) ) ;
#1187 = CARTESIAN_POINT ( 'NONE',  ( 97.53724281256667439, 0.5286272142901118354, -500.0000000000000000 ) ) ;
#1188 = CARTESIAN_POINT ( 'NONE',  ( 9.559569886992010268, -6.913934329567123172, -500.0000000000000000 ) ) ;
#1189 = CARTESIAN_POINT ( 'NONE',  ( 86.06102034705874360, -2.788088425319390495, 500.0000000000000000 ) ) ;
#1190 = CARTESIAN_POINT ( 'NONE',  ( 89.59306783943723929, 3.148943248769656478, 500.0000000000000000 ) ) ;
#1191 = CARTESIAN_POINT ( 'NONE',  ( 1.205352729367016984, -2.802269208987352656, 500.0000000000000000 ) ) ;
#1192 = CARTESIAN_POINT ( 'NONE',  ( 91.87406695945421120, 1.684225445955479961, -500.0000000000000000 ) ) ;
#1193 = CARTESIAN_POINT ( 'NONE',  ( 0.2155775169912744482, -1.239735350305374517, -500.0000000000000000 ) ) ;
#1194 = CARTESIAN_POINT ( 'NONE',  ( 76.78283584658827010, -4.393820294226195244, 500.0000000000000000 ) ) ;
#1195 = CARTESIAN_POINT ( 'NONE',  ( -0.8064464983634144213, -1.354174970418767110, 500.0000000000000000 ) ) ;
#1196 = B_SPLINE_CURVE_WITH_KNOTS ( 'NONE', 3,
 ( #830, #928, #814, #184, #526, #106, #1338, #1135, #301, #10, #413, #1330, #427, #596, #626, #1011, #1127, #519, #199, #611, #496, #618, #512, #823, #1025, #98, #396, #1033, #906, #921, #1247, #317, #215, #404, #1323, #806, #88, #1221, #292, #705, #1118, #603, #1018, #504, #1266, #458, #26, #1281, #867, #234, #36, #1054, #441, #852, #956, #31, #941, #146, #331, #741, #747, #950, #244, #337, #446, #857, #758, #844, #140, #44, #228, #657, #1067, #239, #734, #633, #343, #862, #1150, #1164, #540, #1072, #533, #961, #752, #647, #221, #1060 ),
 .UNSPECIFIED., .F., .F.,
 ( 4, 2, 2, 2, 2, 2, 2, 2, 2, 2, 2, 2, 2, 2, 2, 2, 2, 2, 2, 2, 2, 2, 2, 2, 2, 2, 2, 2, 2, 2, 2, 2, 2, 2, 2, 2, 2, 2, 2, 2, 2, 2, 2, 4 ),
 ( 0.000000000000000000, 0.001953124999999993061, 0.003906249999999986122, 0.007812499999999972244, 0.01562499999999994449, 0.03124999999999988898, 0.06249999999999977796, 0.1249999999999995559, 0.1874999999999993339, 0.2499999999999992228, 0.3124999999999991118, 0.3437499999999990563, 0.3749999999999990563, 0.4062499999999990563, 0.4218749999999990563, 0.4374999999999990563, 0.4531249999999990563, 0.4687499999999990563, 0.4765624999999990008, 0.4843749999999990563, 0.4882812499999990563, 0.4921874999999990008, 0.4960937499999990008, 0.4999999999999990008, 0.5039062499999990008, 0.5078124999999990008, 0.5156249999999988898, 0.5234374999999988898, 0.5312499999999988898, 0.5468749999999988898, 0.5624999999999988898, 0.5781249999999987788, 0.5937499999999987788, 0.6249999999999987788, 0.6562499999999987788, 0.6874999999999987788, 0.7499999999999990008, 0.8124999999999992228, 0.8749999999999994449, 0.9374999999999996669, 0.9687499999999998890, 0.9843749999999998890, 0.9921875000000000000, 1.000000000000000000 ),
 .UNSPECIFIED. ) ;
#1197 = ORIENTED_EDGE ( 'NONE', *, *, #1122, .F. ) ;
#1198 = CARTESIAN_POINT ( 'NONE',  ( 99.12873086609425854, -1.212200224678565474, 500.0000000000000000 ) ) ;
#1199 = CARTESIAN_POINT ( 'NONE',  ( 13.56180978638457724, -7.784508229410397995, -500.0000000000000000 ) ) ;
#1200 = CARTESIAN_POINT ( 'NONE',  ( 74.08006600230346805, 4.826934963134945633, -500.0000000000000000 ) ) ;
#1201 = CARTESIAN_POINT ( 'NONE',  ( 7.793805397449239614, -6.399798301592714012, -500.0000000000000000 ) ) ;
#1202 = CARTESIAN_POINT ( 'NONE',  ( 74.08006600230343963, -4.826934963134947409, 500.0000000000000000 ) ) ;
#1203 = DIRECTION ( 'NONE',  ( 0.000000000000000000, 0.000000000000000000, -1.000000000000000000 ) ) ;
#1204 = VERTEX_POINT ( 'NONE', #824 ) ;
#1205 = CARTESIAN_POINT ( 'NONE',  ( 20.61967126910491288, -8.660455926991620146, 500.0000000000000000 ) ) ;
#1206 = CARTESIAN_POINT ( 'NONE',  ( 84.58103156856245164, 3.056872080568939776, 500.0000000000000000 ) ) ;
#1207 = CARTESIAN_POINT ( 'NONE',  ( 37.56982581741687000, -8.824539743451826013, -500.0000000000000000 ) ) ;
#1208 = CARTESIAN_POINT ( 'NONE',  ( 68.40050941057172906, -5.686030071048378431, 500.0000000000000000 ) ) ;
#1209 = CARTESIAN_POINT ( 'NONE',  ( -1.001208489508742527, -0.3306089394880489807, 500.0000000000000000 ) ) ;
#1210 = DATE_AND_TIME ( #1224, #214 ) ;
#1211 = CARTESIAN_POINT ( 'NONE',  ( 71.28229045300128064, -5.258940334623322777, 500.0000000000000000 ) ) ;
#1212 = CARTESIAN_POINT ( 'NONE',  ( 60.90396510598632318, 6.707571456946701538, 500.0000000000000000 ) ) ;
#1213 = CARTESIAN_POINT ( 'NONE',  ( 56.26498633661070414, -7.269531170022315081, -500.0000000000000000 ) ) ;
#1214 = CARTESIAN_POINT ( 'NONE',  ( 7.793805397449239614, -6.399798301592714012, 500.0000000000000000 ) ) ;
#1215 = CARTESIAN_POINT ( 'NONE',  ( 4.455831738324709690, 6.222711889047742417, 500.0000000000000000 ) ) ;
#1216 = ORIENTED_EDGE ( 'NONE', *, *, #205, .F. ) ;
#1217 = DATE_TIME_ROLE ( 'classification_date' ) ;
#1218 = CARTESIAN_POINT ( 'NONE',  ( 69.85119229305965405, -5.473263620374393845, -500.0000000000000000 ) ) ;
#1219 = CARTESIAN_POINT ( 'NONE',  ( 39.09669229095079857, 8.750575341000253360, 500.0000000000000000 ) ) ;
#1220 = CARTESIAN_POINT ( 'NONE',  ( 99.55085917693260456, 1.120865350702995755, -500.0000000000000000 ) ) ;
#1221 = CARTESIAN_POINT ( 'NONE',  ( 1.475608962200198659, 4.421311092464345727, -500.0000000000000000 ) ) ;
#1222 = CARTESIAN_POINT ( 'NONE',  ( 89.49496823229375764, 2.144721330546418336, -500.0000000000000000 ) ) ;
#1223 = CARTESIAN_POINT ( 'NONE',  ( 100.0000000000000000, 0.000000000000000000, 500.0000000000000000 ) ) ;
#1224 = CALENDAR_DATE ( 2026, 2, 3 ) ;
#1225 = CARTESIAN_POINT ( 'NONE',  ( 4.455831738324709690, 6.222711889047742417, -500.0000000000000000 ) ) ;
#1226 = CARTESIAN_POINT ( 'NONE',  ( 28.71797100207377795, -8.998172760352430188, 500.0000000000000000 ) ) ;
#1227 = CARTESIAN_POINT ( 'NONE',  ( 54.70425983116079038, 7.445330297039135736, 500.0000000000000000 ) ) ;
#1228 = CARTESIAN_POINT ( 'NONE',  ( 100.0816622018674451, 1.005785160812517010, -500.0000000000000000 ) ) ;
#1229 = VECTOR ( 'NONE', #546, 1000.000000000000000 ) ;
#1230 = CARTESIAN_POINT ( 'NONE',  ( 99.36819579290209958, -0.1372678629281862128, 500.0000000000000000 ) ) ;
#1231 = CARTESIAN_POINT ( 'NONE',  ( -0.2598030354955291887, -2.591586786535129860, 500.0000000000000000 ) ) ;
#1232 = PERSON ( 'UNSPECIFIED', 'UNSPECIFIED', 'UNSPECIFIED', ('UNSPECIFIED'), ('UNSPECIFIED'), ('UNSPECIFIED') ) ;
#1233 = CARTESIAN_POINT ( 'NONE',  ( 71.28229045300128064, 5.258940334623318336, 500.0000000000000000 ) ) ;
#1234 = DIRECTION ( 'NONE',  ( 1.000000000000000000, 0.000000000000000000, 0.000000000000000000 ) ) ;
#1235 = CARTESIAN_POINT ( 'NONE',  ( 0.3651900463071551250, 3.362553658231119957, 500.0000000000000000 ) ) ;
#1236 = CARTESIAN_POINT ( 'NONE',  ( 40.15863985435940009, -9.740460623750466951, -500.0000000000000000 ) ) ;
#1237 = CARTESIAN_POINT ( 'NONE',  ( 59.36638033854318053, -6.900186356683823519, -500.0000000000000000 ) ) ;
#1238 = CARTESIAN_POINT ( 'NONE',  ( 28.71797100207374953, 8.998172760352424859, -500.0000000000000000 ) ) ;
#1239 = CARTESIAN_POINT ( 'NONE',  ( 99.68397334180811242, 1.091972391227236328, -500.0000000000000000 ) ) ;
#1240 = CARTESIAN_POINT ( 'NONE',  ( 98.77982997689881017, -0.2639729994334615859, 500.0000000000000000 ) ) ;
#1241 = CARTESIAN_POINT ( 'NONE',  ( 99.36819600500820115, 0.1372688355564013751, -500.0000000000000000 ) ) ;
#1242 = CARTESIAN_POINT ( 'NONE',  ( 87.49346223342580231, 2.522693879794823069, 500.0000000000000000 ) ) ;
#1243 = CARTESIAN_POINT ( 'NONE',  ( -0.2164500726406750342, 2.596725527447707904, 500.0000000000000000 ) ) ;
#1244 = CARTESIAN_POINT ( 'NONE',  ( 7.584787698897296870, -7.400007582626495051, -500.0000000000000000 ) ) ;
#1245 = CARTESIAN_POINT ( 'NONE',  ( 24.55596898859973010, 8.896189118766503867, -500.0000000000000000 ) ) ;
#1246 = CARTESIAN_POINT ( 'NONE',  ( 76.78283584658827010, -4.393820294226195244, -500.0000000000000000 ) ) ;
#1247 = CARTESIAN_POINT ( 'NONE',  ( 10.82345800224925192, 8.264202533107201987, -500.0000000000000000 ) ) ;
#1248 = CARTESIAN_POINT ( 'NONE',  ( 8.652108718249342800, -7.713630993029974015, 500.0000000000000000 ) ) ;
#1249 = EDGE_CURVE ( 'NONE', #1108, #1003, #342, .T. ) ;
#1250 = CARTESIAN_POINT ( 'NONE',  ( 60.90396510598632318, 6.707571456946701538, 500.0000000000000000 ) ) ;
#1251 = CARTESIAN_POINT ( 'NONE',  ( 15.15275827290535204, 9.060412837144689036, 500.0000000000000000 ) ) ;
#1252 = CARTESIAN_POINT ( 'NONE',  ( 6.194404009452697757, 5.837196288321082172, 500.0000000000000000 ) ) ;
#1253 = CARTESIAN_POINT ( 'NONE',  ( 99.88489989835657923, -0.02506619543575338074, -500.0000000000000000 ) ) ;
#1254 = CARTESIAN_POINT ( 'NONE',  ( 99.76171153352740362, -0.05188643038925011552, 500.0000000000000000 ) ) ;
#1255 = CARTESIAN_POINT ( 'NONE',  ( 99.58939596418284168, 0.08921474585206141950, -500.0000000000000000 ) ) ;
#1256 = CARTESIAN_POINT ( 'NONE',  ( 99.97530000000001849, -0.005400000000000001153, -500.0000000000000000 ) ) ;
#1257 = CARTESIAN_POINT ( 'NONE',  ( 2.416422564728475830, -5.090889306946485782, -500.0000000000000000 ) ) ;
#1258 = CARTESIAN_POINT ( 'NONE',  ( 14.65475593578873337, 7.967321506751950722, -500.0000000000000000 ) ) ;
#1259 = CARTESIAN_POINT ( 'NONE',  ( 70.36568330730695209, 6.426653496976647340, 500.0000000000000000 ) ) ;
#1260 = CARTESIAN_POINT ( 'NONE',  ( 99.97530000000001849, -0.005400000000000001153, 500.0000000000000000 ) ) ;
#1261 = CARTESIAN_POINT ( 'NONE',  ( 57.81954803167191415, 7.087635715863013885, -500.0000000000000000 ) ) ;
#1262 = CARTESIAN_POINT ( 'NONE',  ( 1.205352729367016984, -2.802269208987352656, 500.0000000000000000 ) ) ;
#1263 = CARTESIAN_POINT ( 'NONE',  ( 76.78283584658827010, -4.393820294226195244, -500.0000000000000000 ) ) ;
#1264 = CARTESIAN_POINT ( 'NONE',  ( 5.459011505767950467, 5.538887406617213571, -500.0000000000000000 ) ) ;
#1265 = CARTESIAN_POINT ( 'NONE',  ( 89.59306783943723929, 3.148943248769656478, 500.0000000000000000 ) ) ;
#1266 = CARTESIAN_POINT ( 'NONE',  ( -0.7966887533708449931, 1.385065890936990840, -500.0000000000000000 ) ) ;
#1267 = CARTESIAN_POINT ( 'NONE',  ( 19.36387245020366166, 8.551622756728280095, -500.0000000000000000 ) ) ;
#1268 = CARTESIAN_POINT ( 'NONE',  ( 3.518751128541204309, -4.581216229304377663, 500.0000000000000000 ) ) ;
#1269 = CARTESIAN_POINT ( 'NONE',  ( 100.2137149381804733, 0.9768960667330590653, 500.0000000000000000 ) ) ;
#1270 = CARTESIAN_POINT ( 'NONE',  ( 7.793805397449245831, 6.399798301592716676, -500.0000000000000000 ) ) ;
#1271 = CARTESIAN_POINT ( 'NONE',  ( 99.97530000000001849, -0.005400000000000001153, -500.0000000000000000 ) ) ;
#1272 = CARTESIAN_POINT ( 'NONE',  ( 74.08006600230346805, 4.826934963134945633, -500.0000000000000000 ) ) ;
#1273 = CARTESIAN_POINT ( 'NONE',  ( 0.01641935891148989593, 0.4179446764462186326, 500.0000000000000000 ) ) ;
#1274 = CARTESIAN_POINT ( 'NONE',  ( 91.61436153441162844, -1.734713231323176563, 500.0000000000000000 ) ) ;
#1275 = CARTESIAN_POINT ( 'NONE',  ( 1.573569751239600079, 3.174653887852156409, 500.0000000000000000 ) ) ;
#1276 = LINE ( 'NONE', #1271, #664 ) ;
#1277 = CARTESIAN_POINT ( 'NONE',  ( 65.44610873820366237, 6.104375293899282795, -500.0000000000000000 ) ) ;
#1278 = CARTESIAN_POINT ( 'NONE',  ( 24.55596898859973010, 8.896189118766503867, 500.0000000000000000 ) ) ;
#1279 = CARTESIAN_POINT ( 'NONE',  ( 87.49346223342577389, -2.522693879794823069, -500.0000000000000000 ) ) ;
#1280 = CARTESIAN_POINT ( 'NONE',  ( 4.120528549498125415, -4.910449053331014113, -500.0000000000000000 ) ) ;
#1281 = CARTESIAN_POINT ( 'NONE',  ( -1.001208489508742527, -0.3306089394880489807, -500.0000000000000000 ) ) ;
#1282 = CARTESIAN_POINT ( 'NONE',  ( 13.56180978638457368, 7.784508229410396218, -500.0000000000000000 ) ) ;
#1283 = CARTESIAN_POINT ( 'NONE',  ( 0.2155775169912740874, 1.239735350305372741, 500.0000000000000000 ) ) ;
#1284 = ADVANCED_FACE ( 'NONE', ( #733 ), #138, .T. ) ;
#1285 = CARTESIAN_POINT ( 'NONE',  ( 97.99894507466866855, -0.4307120763632198979, -500.0000000000000000 ) ) ;
#1286 = CARTESIAN_POINT ( 'NONE',  ( 4.767521285062192860, -5.229789408013592933, 500.0000000000000000 ) ) ;
#1287 = CARTESIAN_POINT ( 'NONE',  ( 90.43771844095196855, 1.963457409259992348, -500.0000000000000000 ) ) ;
#1288 = CARTESIAN_POINT ( 'NONE',  ( 3.518751128541204309, -4.581216229304377663, -500.0000000000000000 ) ) ;
#1289 = CARTESIAN_POINT ( 'NONE',  ( 59.36638033854318053, -6.900186356683823519, 500.0000000000000000 ) ) ;
#1290 = CARTESIAN_POINT ( 'NONE',  ( 88.51323916861028351, -2.331223182878306766, 500.0000000000000000 ) ) ;
#1291 = ORIENTED_EDGE ( 'NONE', *, *, #280, .T. ) ;
#1292 = CARTESIAN_POINT ( 'NONE',  ( 95.94675874419657191, -1.883847193561575928, 500.0000000000000000 ) ) ;
#1293 = APPROVAL_PERSON_ORGANIZATION ( #399, #800, #515 ) ;
#1294 = CARTESIAN_POINT ( 'NONE',  ( 21.90451174827790481, -8.753966484112545743, -500.0000000000000000 ) ) ;
#1295 = CARTESIAN_POINT ( 'NONE',  ( 98.41327900858665600, 0.3424805620271812456, -500.0000000000000000 ) ) ;
#1296 = CARTESIAN_POINT ( 'NONE',  ( -0.008207965190541595749, 9.150283182314958353E-15, -500.0000000000000000 ) ) ;
#1297 = CARTESIAN_POINT ( 'NONE',  ( 21.90451174827790481, -8.753966484112545743, 500.0000000000000000 ) ) ;
#1298 = FACE_OUTER_BOUND ( 'NONE', #801, .T. ) ;
#1299 = EDGE_LOOP ( 'NONE', ( #364, #172, #179, #370 ) ) ;
#1300 = CARTESIAN_POINT ( 'NONE',  ( 23.21702688637228107, -8.832588102005715314, 500.0000000000000000 ) ) ;
#1301 = CARTESIAN_POINT ( 'NONE',  ( 91.87406695945421120, 1.684225445955479961, 500.0000000000000000 ) ) ;
#1302 = CARTESIAN_POINT ( 'NONE',  ( 16.94411706578071275, -8.289126077134458370, -500.0000000000000000 ) ) ;
#1303 = CARTESIAN_POINT ( 'NONE',  ( 36.05525741217855540, -8.886362424186275533, 500.0000000000000000 ) ) ;
#1304 = CARTESIAN_POINT ( 'NONE',  ( 27.13288536127510397, 9.990080626611211656, 500.0000000000000000 ) ) ;
#1305 = CARTESIAN_POINT ( 'NONE',  ( 98.06814473390936371, -1.438612683185864327, 500.0000000000000000 ) ) ;
#1306 = CARTESIAN_POINT ( 'NONE',  ( 1.573569751239586978, -3.174653887852143974, -500.0000000000000000 ) ) ;
#1307 = CARTESIAN_POINT ( 'NONE',  ( 98.77983000138385705, 0.2639731117114978431, 500.0000000000000000 ) ) ;
#1308 = CARTESIAN_POINT ( 'NONE',  ( 28.71797100207377795, -8.998172760352430188, -500.0000000000000000 ) ) ;
#1309 = CARTESIAN_POINT ( 'NONE',  ( 79.37992168110687885, -3.962876278162674737, 500.0000000000000000 ) ) ;
#1310 = PLANE ( 'NONE',  #839 ) ;
#1311 = PERSON_AND_ORGANIZATION ( #1232, #40 ) ;
#1312 = CARTESIAN_POINT ( 'NONE',  ( 48.43038835509915430, -8.076569623578734536, -500.0000000000000000 ) ) ;
#1313 = SECURITY_CLASSIFICATION ( '', '', #392 ) ;
#1314 = CARTESIAN_POINT ( 'NONE',  ( 62.43080829726302738, 6.510563397417204357, -500.0000000000000000 ) ) ;
#1315 = CARTESIAN_POINT ( 'NONE',  ( 54.70425983116079038, -7.445330297039139289, -500.0000000000000000 ) ) ;
#1316 = CARTESIAN_POINT ( 'NONE',  ( 83.05499585077545532, -3.328386375900614702, 500.0000000000000000 ) ) ;
#1317 = CARTESIAN_POINT ( 'NONE',  ( 99.55085917693260456, 1.120865350702995755, 500.0000000000000000 ) ) ;
#1318 = VERTEX_POINT ( 'NONE', #248 ) ;
#1319 = APPLICATION_PROTOCOL_DEFINITION ( 'international standard', 'config_control_design', 1994, #1092 ) ;
#1320 = CARTESIAN_POINT ( 'NONE',  ( 76.78283584658827010, -4.393820294226195244, 500.0000000000000000 ) ) ;
#1321 = CARTESIAN_POINT ( 'NONE',  ( 20.61967126910492354, 8.660455926991621922, -500.0000000000000000 ) ) ;
#1322 = CARTESIAN_POINT ( 'NONE',  ( 99.94738165609238933, 1.034844213120841516, -500.0000000000000000 ) ) ;
#1323 = CARTESIAN_POINT ( 'NONE',  ( 4.455831738324709690, 6.222711889047742417, -500.0000000000000000 ) ) ;
#1324 = LINE ( 'NONE', #74, #1009 ) ;
#1325 = APPROVAL_STATUS ( 'not_yet_approved' ) ;
#1326 = CARTESIAN_POINT ( 'NONE',  ( 8.677093084275419699, 7.720651270806244248, 500.0000000000000000 ) ) ;
#1327 = CARTESIAN_POINT ( 'NONE',  ( 54.70425983116079038, -7.445330297039139289, -500.0000000000000000 ) ) ;
#1328 = CARTESIAN_POINT ( 'NONE',  ( 65.44610873820366237, 6.104375293899282795, 500.0000000000000000 ) ) ;
#1329 = CARTESIAN_POINT ( 'NONE',  ( 99.36819579290209958, -0.1372678629281862128, -500.0000000000000000 ) ) ;
#1330 = CARTESIAN_POINT ( 'NONE',  ( 91.72121631436974099, 2.737693292401147005, -500.0000000000000000 ) ) ;
#1331 = CARTESIAN_POINT ( 'NONE',  ( 18.38818383650658461, -9.488465148367515312, 500.0000000000000000 ) ) ;
#1332 = CARTESIAN_POINT ( 'NONE',  ( 79.37992168110686464, 3.962876278162673849, 500.0000000000000000 ) ) ;
#1333 = CARTESIAN_POINT ( 'NONE',  ( 10.82345800224925192, 8.264202533107201987, -500.0000000000000000 ) ) ;
#1334 = CARTESIAN_POINT ( 'NONE',  ( 18.38818383650658461, -9.488465148367515312, -500.0000000000000000 ) ) ;
#1335 = CARTESIAN_POINT ( 'NONE',  ( 68.40050941057172906, -5.686030071048378431, -500.0000000000000000 ) ) ;
#1336 = CARTESIAN_POINT ( 'NONE',  ( 56.26498633661069704, 7.269531170022317745, 500.0000000000000000 ) ) ;
#1337 = CARTESIAN_POINT ( 'NONE',  ( 81.86100036726783458, -3.537701396701470546, -500.0000000000000000 ) ) ;
#1338 = CARTESIAN_POINT ( 'NONE',  ( 98.88839406098040286, 1.263485915186620678, -500.0000000000000000 ) ) ;
#1339 = CARTESIAN_POINT ( 'NONE',  ( 27.10740964257703567, -9.989582776100581540, 500.0000000000000000 ) ) ;
#1340 = CARTESIAN_POINT ( 'NONE',  ( 100.2137149381804733, 0.9768960667330590653, -500.0000000000000000 ) ) ;
#1341 = CARTESIAN_POINT ( 'NONE',  ( 1.453631098354447371, -4.403958221908652604, 500.0000000000000000 ) ) ;
ENDSEC;
END-ISO-10303-21;
